imagem;indice;linha;coluna;x_pixel;y_pixel
Im_L_1.png;0;0;0;160.97650146484375;123.44366455078125
Im_L_1.png;1;0;1;200.39381408691406;124.03263854980469
Im_L_1.png;2;0;2;239.5828857421875;124.71205139160156
Im_L_1.png;3;0;3;279.1659851074219;125.42952728271484
Im_L_1.png;4;0;4;318.69049072265625;126.35481262207031
Im_L_1.png;5;0;5;358.5380859375;126.60530853271484
Im_L_1.png;6;0;6;398.4617614746094;127.64338684082031
Im_L_1.png;7;0;7;438.3675231933594;128.2151336669922
Im_L_1.png;8;0;8;478.3034362792969;129.10646057128906
Im_L_1.png;9;0;9;518.2128295898438;129.6634063720703
Im_L_1.png;10;0;10;558.0475463867188;130.59405517578125
Im_L_1.png;11;1;0;159.4147491455078;163.45494079589844
Im_L_1.png;12;1;1;198.55291748046875;164.03822326660156
Im_L_1.png;13;1;2;238.0641326904297;164.7173614501953
Im_L_1.png;14;1;3;277.63531494140625;165.60671997070312
Im_L_1.png;15;1;4;317.4266662597656;166.4039764404297
Im_L_1.png;16;1;5;357.35052490234375;166.98101806640625
Im_L_1.png;17;1;6;397.30877685546875;167.982177734375
Im_L_1.png;18;1;7;437.3344421386719;168.46189880371094
Im_L_1.png;19;1;8;477.30828857421875;169.5115966796875
Im_L_1.png;20;1;9;517.296875;169.999267578125
Im_L_1.png;21;1;10;557.2330322265625;171.20306396484375
Im_L_1.png;22;2;0;157.42715454101562;203.70449829101562
Im_L_1.png;23;2;1;196.9311065673828;204.39744567871094
Im_L_1.png;24;2;2;236.49534606933594;205.13009643554688
Im_L_1.png;25;2;3;276.2758483886719;206.13290405273438
Im_L_1.png;26;2;4;316.1825256347656;206.60409545898438
Im_L_1.png;27;2;5;356.1309814453125;207.5970458984375
Im_L_1.png;28;2;6;396.12530517578125;208.2322998046875
Im_L_1.png;29;2;7;436.2659912109375;209.31304931640625
Im_L_1.png;30;2;8;476.2987365722656;209.66893005371094
Im_L_1.png;31;2;9;516.3497924804688;210.98226928710938
Im_L_1.png;32;2;10;556.3425903320312;211.37045288085938
Im_L_1.png;33;3;0;155.70782470703125;243.88392639160156
Im_L_1.png;34;3;1;195.31822204589844;244.70425415039062
Im_L_1.png;35;3;2;234.87155151367188;245.5090789794922
Im_L_1.png;36;3;3;274.7461242675781;246.36868286132812
Im_L_1.png;37;3;4;314.771484375;247.0621337890625
Im_L_1.png;38;3;5;354.71661376953125;247.8491668701172
Im_L_1.png;39;3;6;394.93157958984375;248.8499755859375
Im_L_1.png;40;3;7;435.1553955078125;249.53118896484375
Im_L_1.png;41;3;8;475.3080139160156;250.4846649169922
Im_L_1.png;42;3;9;515.3807373046875;251.26943969726562
Im_L_1.png;43;3;10;555.4473266601562;252.14669799804688
Im_L_1.png;44;4;0;154.22230529785156;284.48016357421875
Im_L_1.png;45;4;1;193.62794494628906;285.2511901855469
Im_L_1.png;46;4;2;233.44557189941406;286.14154052734375
Im_L_1.png;47;4;3;273.3643798828125;286.92022705078125
Im_L_1.png;48;4;4;313.4969787597656;287.7520751953125
Im_L_1.png;49;4;5;353.5741882324219;288.67486572265625
Im_L_1.png;50;4;6;393.74395751953125;289.5198669433594
Im_L_1.png;51;4;7;434.0556335449219;290.32147216796875
Im_L_1.png;52;4;8;474.27581787109375;291.1704406738281
Im_L_1.png;53;4;9;514.3755493164062;292.1302185058594
Im_L_1.png;54;4;10;554.5234375;292.622802734375
Im_L_1.png;55;5;0;152.38836669921875;325.0946960449219
Im_L_1.png;56;5;1;192.28884887695312;326.0984802246094
Im_L_1.png;57;5;2;231.9658203125;326.8990173339844
Im_L_1.png;58;5;3;272.0599670410156;327.7682800292969
Im_L_1.png;59;5;4;312.2425842285156;328.6494140625
Im_L_1.png;60;5;5;352.423828125;329.4815368652344
Im_L_1.png;61;5;6;392.613525390625;330.4866027832031
Im_L_1.png;62;5;7;432.86236572265625;331.1633605957031
Im_L_1.png;63;5;8;473.2958679199219;332.32208251953125
Im_L_1.png;64;5;9;513.4217529296875;332.6788024902344
Im_L_1.png;65;5;10;553.6159057617188;333.8927917480469
Im_L_1.png;66;6;0;150.6434326171875;366.0685119628906
Im_L_1.png;67;6;1;190.7005157470703;366.8992919921875
Im_L_1.png;68;6;2;230.44119262695312;367.7309265136719
Im_L_1.png;69;6;3;270.6114807128906;368.848388671875
Im_L_1.png;70;6;4;310.88232421875;369.5367736816406
Im_L_1.png;71;6;5;351.23504638671875;370.617919921875
Im_L_1.png;72;6;6;391.4674377441406;371.33782958984375
Im_L_1.png;73;6;7;431.7638244628906;372.50506591796875
Im_L_1.png;74;6;8;472.2363586425781;373.0691833496094
Im_L_1.png;75;6;9;512.4984741210938;374.177978515625
Im_L_1.png;76;6;10;552.74609375;374.72003173828125
Im_L_10.png;0;0;0;171.6621856689453;103.13793182373047
Im_L_10.png;1;0;1;211.75328063964844;100.89042663574219
Im_L_10.png;2;0;2;251.7960205078125;98.5049057006836
Im_L_10.png;3;0;3;292.0847473144531;96.25230407714844
Im_L_10.png;4;0;4;332.3501892089844;94.0550537109375
Im_L_10.png;5;0;5;372.76837158203125;91.45499420166016
Im_L_10.png;6;0;6;413.3237609863281;89.40404510498047
Im_L_10.png;7;0;7;453.5968933105469;86.61515808105469
Im_L_10.png;8;0;8;494.1076965332031;84.76156616210938
Im_L_10.png;9;0;9;534.4560546875;82.47469329833984
Im_L_10.png;10;0;10;574.7453002929688;80.0943832397461
Im_L_10.png;11;1;0;170.1763153076172;141.87452697753906
Im_L_10.png;12;1;1;210.474853515625;139.47225952148438
Im_L_10.png;13;1;2;251.0832977294922;137.1534881591797
Im_L_10.png;14;1;3;291.7619323730469;134.76254272460938
Im_L_10.png;15;1;4;332.5298156738281;132.6036834716797
Im_L_10.png;16;1;5;373.4208984375;130.19570922851562
Im_L_10.png;17;1;6;414.2902526855469;127.98766326904297
Im_L_10.png;18;1;7;455.1287841796875;125.6185302734375
Im_L_10.png;19;1;8;495.87359619140625;123.36261749267578
Im_L_10.png;20;1;9;536.6677856445312;121.39915466308594
Im_L_10.png;21;1;10;577.4601440429688;118.5749282836914
Im_L_10.png;22;2;0;168.3708953857422;181.48251342773438
Im_L_10.png;23;2;1;209.3643341064453;179.15054321289062
Im_L_10.png;24;2;2;250.3314971923828;176.70867919921875
Im_L_10.png;25;2;3;291.4738464355469;174.5250244140625
Im_L_10.png;26;2;4;332.6780090332031;172.20034790039062
Im_L_10.png;27;2;5;373.9427490234375;169.7156219482422
Im_L_10.png;28;2;6;415.3852233886719;167.60946655273438
Im_L_10.png;29;2;7;456.5888366699219;165.18614196777344
Im_L_10.png;30;2;8;497.8162536621094;163.24072265625
Im_L_10.png;31;2;9;539.0628662109375;160.6118927001953
Im_L_10.png;32;2;10;580.2377319335938;158.44114685058594
Im_L_10.png;33;3;0;166.65936279296875;221.61256408691406
Im_L_10.png;34;3;1;208.192138671875;219.42828369140625
Im_L_10.png;35;3;2;249.5146942138672;217.0828857421875
Im_L_10.png;36;3;3;291.29541015625;214.5911102294922
Im_L_10.png;37;3;4;332.8942565917969;212.42015075683594
Im_L_10.png;38;3;5;374.54840087890625;209.8994598388672
Im_L_10.png;39;3;6;416.3977355957031;207.77291870117188
Im_L_10.png;40;3;7;458.133544921875;205.2962188720703
Im_L_10.png;41;3;8;499.6838073730469;203.25718688964844
Im_L_10.png;42;3;9;541.3544921875;201.103515625
Im_L_10.png;43;3;10;582.87744140625;198.44285583496094
Im_L_10.png;44;4;0;165.23341369628906;262.8249206542969
Im_L_10.png;45;4;1;206.9027099609375;260.48284912109375
Im_L_10.png;46;4;2;248.86073303222656;258.16436767578125
Im_L_10.png;47;4;3;290.89825439453125;255.83734130859375
Im_L_10.png;48;4;4;333.25067138671875;253.55955505371094
Im_L_10.png;49;4;5;375.3798828125;251.32272338867188
Im_L_10.png;50;4;6;417.50244140625;249.26522827148438
Im_L_10.png;51;4;7;459.5831298828125;246.48072814941406
Im_L_10.png;52;4;8;501.714599609375;244.51771545410156
Im_L_10.png;53;4;9;543.6688842773438;241.71286010742188
Im_L_10.png;54;4;10;585.7015991210938;239.82785034179688
Im_L_10.png;55;5;0;163.40452575683594;304.9932556152344
Im_L_10.png;56;5;1;205.80624389648438;302.6829528808594
Im_L_10.png;57;5;2;248.197265625;300.3917541503906
Im_L_10.png;58;5;3;290.6950378417969;297.8876953125
Im_L_10.png;59;5;4;333.43023681640625;295.66973876953125
Im_L_10.png;60;5;5;376.1325988769531;293.40374755859375
Im_L_10.png;61;5;6;418.5896301269531;291.12518310546875
Im_L_10.png;62;5;7;461.27679443359375;288.68267822265625
Im_L_10.png;63;5;8;503.7339172363281;286.33807373046875
Im_L_10.png;64;5;9;546.249267578125;284.23492431640625
Im_L_10.png;65;5;10;588.5816650390625;281.4903259277344
Im_L_10.png;66;6;0;161.6525421142578;348.0920715332031
Im_L_10.png;67;6;1;204.74415588378906;345.7351989746094
Im_L_10.png;68;6;2;247.4634246826172;343.4611511230469
Im_L_10.png;69;6;3;290.53057861328125;341.0744934082031
Im_L_10.png;70;6;4;333.62939453125;338.83831787109375
Im_L_10.png;71;6;5;376.7419738769531;336.375732421875
Im_L_10.png;72;6;6;419.78521728515625;334.2508850097656
Im_L_10.png;73;6;7;462.7669677734375;331.4453430175781
Im_L_10.png;74;6;8;505.81231689453125;329.4710388183594
Im_L_10.png;75;6;9;548.6395263671875;326.7338562011719
Im_L_10.png;76;6;10;591.5465698242188;324.6009521484375
Im_L_11.png;0;0;0;155.72103881835938;84.84707641601562
Im_L_11.png;1;0;1;197.00833129882812;86.41255187988281
Im_L_11.png;2;0;2;238.23919677734375;87.93953704833984
Im_L_11.png;3;0;3;279.7304382324219;89.65006256103516
Im_L_11.png;4;0;4;321.4352722167969;91.40245056152344
Im_L_11.png;5;0;5;363.4034729003906;92.93968200683594
Im_L_11.png;6;0;6;405.4423828125;94.63591766357422
Im_L_11.png;7;0;7;447.5008239746094;96.39166259765625
Im_L_11.png;8;0;8;489.6271667480469;98.24766540527344
Im_L_11.png;9;0;9;531.847412109375;100.40387725830078
Im_L_11.png;10;0;10;574.0997314453125;102.15000915527344
Im_L_11.png;11;1;0;155.57215881347656;127.74513244628906
Im_L_11.png;12;1;1;196.3780059814453;129.3743896484375
Im_L_11.png;13;1;2;237.5234832763672;131.2086944580078
Im_L_11.png;14;1;3;278.9568176269531;132.9093780517578
Im_L_11.png;15;1;4;320.5320739746094;134.5247039794922
Im_L_11.png;16;1;5;362.3268127441406;136.3605499267578
Im_L_11.png;17;1;6;404.1566467285156;138.0881805419922
Im_L_11.png;18;1;7;446.04071044921875;140.0513153076172
Im_L_11.png;19;1;8;487.9271240234375;142.1229248046875
Im_L_11.png;20;1;9;529.814453125;144.0072784423828
Im_L_11.png;21;1;10;571.7697143554688;145.604248046875
Im_L_11.png;22;2;0;155.11001586914062;170.44699096679688
Im_L_11.png;23;2;1;196.01173400878906;172.21823120117188
Im_L_11.png;24;2;2;236.9296875;173.98251342773438
Im_L_11.png;25;2;3;278.25244140625;175.8463897705078
Im_L_11.png;26;2;4;319.56256103515625;177.57252502441406
Im_L_11.png;27;2;5;361.2270812988281;179.39471435546875
Im_L_11.png;28;2;6;402.6512756347656;181.2879638671875
Im_L_11.png;29;2;7;444.4766845703125;183.11807250976562
Im_L_11.png;30;2;8;486.2488098144531;185.22222900390625
Im_L_11.png;31;2;9;527.8515625;187.25070190429688
Im_L_11.png;32;2;10;569.5897827148438;188.70860290527344
Im_L_11.png;33;3;0;154.812744140625;212.6271514892578
Im_L_11.png;34;3;1;195.51292419433594;214.427001953125
Im_L_11.png;35;3;2;236.3993682861328;216.18980407714844
Im_L_11.png;36;3;3;277.4502868652344;218.1282958984375
Im_L_11.png;37;3;4;318.6694030761719;219.81051635742188
Im_L_11.png;38;3;5;360.1180419921875;221.8181915283203
Im_L_11.png;39;3;6;401.4547424316406;223.8202362060547
Im_L_11.png;40;3;7;442.8692321777344;225.54527282714844
Im_L_11.png;41;3;8;484.4854431152344;227.29629516601562
Im_L_11.png;42;3;9;525.8485717773438;229.3148193359375
Im_L_11.png;43;3;10;567.4320678710938;231.26414489746094
Im_L_11.png;44;4;0;154.77227783203125;254.46844482421875
Im_L_11.png;45;4;1;195.23216247558594;256.3459777832031
Im_L_11.png;46;4;2;235.89859008789062;258.06671142578125
Im_L_11.png;47;4;3;276.6778259277344;260.0838623046875
Im_L_11.png;48;4;4;317.7861633300781;261.8823547363281
Im_L_11.png;49;4;5;359.0381164550781;263.8533935546875
Im_L_11.png;50;4;6;400.3272399902344;265.6278381347656
Im_L_11.png;51;4;7;441.5050354003906;267.49005126953125
Im_L_11.png;52;4;8;482.67132568359375;269.53387451171875
Im_L_11.png;53;4;9;523.9345703125;271.62933349609375
Im_L_11.png;54;4;10;565.3189086914062;273.4599304199219
Im_L_11.png;55;5;0;154.52362060546875;295.9211730957031
Im_L_11.png;56;5;1;194.93112182617188;297.7989501953125
Im_L_11.png;57;5;2;235.3737030029297;299.6948547363281
Im_L_11.png;58;5;3;276.24456787109375;301.6325988769531
Im_L_11.png;59;5;4;317.0948486328125;303.5528869628906
Im_L_11.png;60;5;5;358.05181884765625;305.50115966796875
Im_L_11.png;61;5;6;399.0621643066406;307.2616882324219
Im_L_11.png;62;5;7;440.0321960449219;309.2919616699219
Im_L_11.png;63;5;8;481.10516357421875;311.3702087402344
Im_L_11.png;64;5;9;522.0150146484375;313.4222106933594
Im_L_11.png;65;5;10;563.1885375976562;315.1243591308594
Im_L_11.png;66;6;0;154.3489227294922;337.1796569824219
Im_L_11.png;67;6;1;194.75985717773438;338.9364013671875
Im_L_11.png;68;6;2;234.81993103027344;340.74676513671875
Im_L_11.png;69;6;3;275.5046691894531;342.8092346191406
Im_L_11.png;70;6;4;316.3701171875;344.7216796875
Im_L_11.png;71;6;5;357.1313781738281;346.71832275390625
Im_L_11.png;72;6;6;397.70587158203125;348.6053161621094
Im_L_11.png;73;6;7;438.55682373046875;350.3262023925781
Im_L_11.png;74;6;8;479.42376708984375;352.3450012207031
Im_L_11.png;75;6;9;520.22265625;354.4476318359375
Im_L_11.png;76;6;10;560.9857788085938;356.4092712402344
Im_L_12.png;0;0;0;122.39623260498047;166.15219116210938
Im_L_12.png;1;0;1;165.391845703125;165.4131622314453
Im_L_12.png;2;0;2;207.93417358398438;164.61590576171875
Im_L_12.png;3;0;3;250.55508422851562;163.9635009765625
Im_L_12.png;4;0;4;293.1186218261719;163.34800720214844
Im_L_12.png;5;0;5;335.4101867675781;162.59445190429688
Im_L_12.png;6;0;6;377.53857421875;161.8037567138672
Im_L_12.png;7;0;7;419.41217041015625;161.48330688476562
Im_L_12.png;8;0;8;460.9342041015625;160.67515563964844
Im_L_12.png;9;0;9;502.2767333984375;160.22166442871094
Im_L_12.png;10;0;10;543.2028198242188;159.65676879882812
Im_L_12.png;11;1;0;123.4190902709961;208.85353088378906
Im_L_12.png;12;1;1;166.09271240234375;208.13681030273438
Im_L_12.png;13;1;2;208.76321411132812;207.22511291503906
Im_L_12.png;14;1;3;251.4779052734375;206.5279083251953
Im_L_12.png;15;1;4;294.0323791503906;205.69322204589844
Im_L_12.png;16;1;5;336.4100341796875;204.8326873779297
Im_L_12.png;17;1;6;378.4632873535156;204.33328247070312
Im_L_12.png;18;1;7;420.3966369628906;203.37356567382812
Im_L_12.png;19;1;8;461.7973327636719;202.92616271972656
Im_L_12.png;20;1;9;503.1792297363281;201.8199462890625
Im_L_12.png;21;1;10;544.056884765625;201.4781951904297
Im_L_12.png;22;2;0;124.1022720336914;251.95053100585938
Im_L_12.png;23;2;1;167.05126953125;250.99229431152344
Im_L_12.png;24;2;2;209.64720153808594;249.88912963867188
Im_L_12.png;25;2;3;252.43312072753906;249.36529541015625
Im_L_12.png;26;2;4;294.9986877441406;248.24327087402344
Im_L_12.png;27;2;5;337.36956787109375;247.4581756591797
Im_L_12.png;28;2;6;379.442138671875;246.44935607910156
Im_L_12.png;29;2;7;421.3854064941406;245.62611389160156
Im_L_12.png;30;2;8;462.7386474609375;244.6660919189453
Im_L_12.png;31;2;9;504.07666015625;243.979736328125
Im_L_12.png;32;2;10;544.9131469726562;243.18699645996094
Im_L_12.png;33;3;0;125.01423645019531;294.583984375
Im_L_12.png;34;3;1;167.79010009765625;293.54302978515625
Im_L_12.png;35;3;2;210.5775604248047;292.59747314453125
Im_L_12.png;36;3;3;253.3784942626953;291.5829162597656
Im_L_12.png;37;3;4;295.9548034667969;290.51556396484375
Im_L_12.png;38;3;5;338.28057861328125;289.494140625
Im_L_12.png;39;3;6;380.41552734375;288.58941650390625
Im_L_12.png;40;3;7;422.3045349121094;287.6949462890625
Im_L_12.png;41;3;8;463.7109069824219;286.4329833984375
Im_L_12.png;42;3;9;504.8540954589844;285.6375427246094
Im_L_12.png;43;3;10;545.7501220703125;284.5881652832031
Im_L_12.png;44;4;0;126.13410186767578;337.4356994628906
Im_L_12.png;45;4;1;168.87913513183594;336.43341064453125
Im_L_12.png;46;4;2;211.57896423339844;335.2547302246094
Im_L_12.png;47;4;3;254.33914184570312;334.174560546875
Im_L_12.png;48;4;4;296.8644714355469;332.7224426269531
Im_L_12.png;49;4;5;339.3468322753906;331.85418701171875
Im_L_12.png;50;4;6;381.4198913574219;330.8167724609375
Im_L_12.png;51;4;7;423.27618408203125;329.451171875
Im_L_12.png;52;4;8;464.66741943359375;328.2599792480469
Im_L_12.png;53;4;9;505.75830078125;327.46820068359375
Im_L_12.png;54;4;10;546.6390991210938;326.3103942871094
Im_L_12.png;55;5;0;127.13002014160156;380.4358215332031
Im_L_12.png;56;5;1;170.0290069580078;379.08489990234375
Im_L_12.png;57;5;2;212.6499481201172;377.8343200683594
Im_L_12.png;58;5;3;255.38539123535156;376.6855163574219
Im_L_12.png;59;5;4;297.9270935058594;375.4686584472656
Im_L_12.png;60;5;5;340.3214111328125;374.2398681640625
Im_L_12.png;61;5;6;382.4283752441406;372.6269836425781
Im_L_12.png;62;5;7;424.2305603027344;371.5494384765625
Im_L_12.png;63;5;8;465.62994384765625;370.40447998046875
Im_L_12.png;64;5;9;506.7322998046875;369.3563537597656
Im_L_12.png;65;5;10;547.5592651367188;367.6560363769531
Im_L_12.png;66;6;0;128.13609313964844;423.25830078125
Im_L_12.png;67;6;1;171.28089904785156;421.87060546875
Im_L_12.png;68;6;2;213.609375;420.4461669921875
Im_L_12.png;69;6;3;256.4956359863281;419.1495056152344
Im_L_12.png;70;6;4;299.10211181640625;417.5876770019531
Im_L_12.png;71;6;5;341.40838623046875;416.3561706542969
Im_L_12.png;72;6;6;383.39837646484375;415.0738525390625
Im_L_12.png;73;6;7;425.19091796875;413.65936279296875
Im_L_12.png;74;6;8;466.5589904785156;412.40118408203125
Im_L_12.png;75;6;9;507.6131896972656;410.79376220703125
Im_L_12.png;76;6;10;548.5331420898438;409.3724670410156
Im_L_13.png;0;0;0;191.4501495361328;163.22100830078125
Im_L_13.png;1;0;1;234.56658935546875;167.69752502441406
Im_L_13.png;2;0;2;277.2966003417969;172.24710083007812
Im_L_13.png;3;0;3;319.6434631347656;176.7349395751953
Im_L_13.png;4;0;4;361.8309631347656;181.2943572998047
Im_L_13.png;5;0;5;403.61163330078125;185.50323486328125
Im_L_13.png;6;0;6;445.1893005371094;189.9080352783203
Im_L_13.png;7;0;7;486.2864685058594;194.11273193359375
Im_L_13.png;8;0;8;526.914306640625;198.45094299316406
Im_L_13.png;9;0;9;567.1981201171875;202.83067321777344
Im_L_13.png;10;0;10;607.2374877929688;206.842041015625
Im_L_13.png;11;1;0;186.74649047851562;205.7023468017578
Im_L_13.png;12;1;1;229.85006713867188;210.08755493164062
Im_L_13.png;13;1;2;272.7008056640625;214.38824462890625
Im_L_13.png;14;1;3;315.3526306152344;218.69432067871094
Im_L_13.png;15;1;4;357.5823059082031;222.92674255371094
Im_L_13.png;16;1;5;399.5142822265625;227.26869201660156
Im_L_13.png;17;1;6;441.09991455078125;231.4973602294922
Im_L_13.png;18;1;7;482.3787536621094;235.61343383789062
Im_L_13.png;19;1;8;523.139892578125;239.71246337890625
Im_L_13.png;20;1;9;563.4910278320312;243.7991485595703
Im_L_13.png;21;1;10;603.4918212890625;247.75308227539062
Im_L_13.png;22;2;0;181.87234497070312;248.53469848632812
Im_L_13.png;23;2;1;225.27305603027344;252.62904357910156
Im_L_13.png;24;2;2;268.2566833496094;256.8789367675781
Im_L_13.png;25;2;3;310.8913879394531;260.9709777832031
Im_L_13.png;26;2;4;353.3489074707031;265.0854187011719
Im_L_13.png;27;2;5;395.39312744140625;269.1074523925781
Im_L_13.png;28;2;6;437.105224609375;273.2623596191406
Im_L_13.png;29;2;7;478.42236328125;276.9705505371094
Im_L_13.png;30;2;8;519.3119506835938;281.1444396972656
Im_L_13.png;31;2;9;559.747802734375;284.8169250488281
Im_L_13.png;32;2;10;599.8582763671875;288.8355407714844
Im_L_13.png;33;3;0;177.16456604003906;291.28912353515625
Im_L_13.png;34;3;1;220.52810668945312;295.31268310546875
Im_L_13.png;35;3;2;263.6047668457031;299.2939147949219
Im_L_13.png;36;3;3;306.4913024902344;303.3224792480469
Im_L_13.png;37;3;4;349.02618408203125;307.1819152832031
Im_L_13.png;38;3;5;391.1991882324219;311.03411865234375
Im_L_13.png;39;3;6;433.00091552734375;315.0403747558594
Im_L_13.png;40;3;7;474.4228210449219;318.6914367675781
Im_L_13.png;41;3;8;515.4235229492188;322.5811767578125
Im_L_13.png;42;3;9;555.9440307617188;326.27471923828125
Im_L_13.png;43;3;10;596.2615356445312;329.61810302734375
Im_L_13.png;44;4;0;172.4676971435547;334.31268310546875
Im_L_13.png;45;4;1;215.89093017578125;338.201416015625
Im_L_13.png;46;4;2;259.1546325683594;341.90594482421875
Im_L_13.png;47;4;3;302.0600891113281;345.6997985839844
Im_L_13.png;48;4;4;344.67730712890625;349.5005798339844
Im_L_13.png;49;4;5;387.0064697265625;353.37774658203125
Im_L_13.png;50;4;6;428.9093933105469;356.8335876464844
Im_L_13.png;51;4;7;470.4562683105469;360.4804992675781
Im_L_13.png;52;4;8;511.5180358886719;364.2123718261719
Im_L_13.png;53;4;9;552.1993408203125;367.6668701171875
Im_L_13.png;54;4;10;592.4950561523438;371.0594787597656
Im_L_13.png;55;5;0;167.63323974609375;377.5631408691406
Im_L_13.png;56;5;1;211.3717498779297;381.395751953125
Im_L_13.png;57;5;2;254.54867553710938;385.10546875
Im_L_13.png;58;5;3;297.654052734375;388.5638427734375
Im_L_13.png;59;5;4;340.4554138183594;392.02490234375
Im_L_13.png;60;5;5;382.771484375;395.7429504394531
Im_L_13.png;61;5;6;424.72662353515625;399.372802734375
Im_L_13.png;62;5;7;466.4384765625;402.6316833496094
Im_L_13.png;63;5;8;507.5993347167969;406.1789855957031
Im_L_13.png;64;5;9;548.398193359375;409.3988342285156
Im_L_13.png;65;5;10;588.7868041992188;412.51776123046875
Im_L_13.png;66;6;0;162.9212188720703;420.9847717285156
Im_L_13.png;67;6;1;206.78013610839844;424.6103515625
Im_L_13.png;68;6;2;250.00582885742188;428.1971130371094
Im_L_13.png;69;6;3;293.3246154785156;431.5614318847656
Im_L_13.png;70;6;4;336.1748352050781;434.8912048339844
Im_L_13.png;71;6;5;378.57281494140625;438.22119140625
Im_L_13.png;72;6;6;420.65240478515625;441.5380859375
Im_L_13.png;73;6;7;462.42974853515625;444.5898742675781
Im_L_13.png;74;6;8;503.692138671875;447.8741760253906
Im_L_13.png;75;6;9;544.5800170898438;450.9095764160156
Im_L_13.png;76;6;10;585.156005859375;454.2338562011719
Im_L_14.png;0;0;0;142.3524627685547;156.04220581054688
Im_L_14.png;1;0;1;189.44949340820312;158.66989135742188
Im_L_14.png;2;0;2;235.64207458496094;161.3533935546875
Im_L_14.png;3;0;3;281.28424072265625;163.91085815429688
Im_L_14.png;4;0;4;326.16107177734375;166.5302734375
Im_L_14.png;5;0;5;370.227294921875;169.07557678222656
Im_L_14.png;6;0;6;413.4463806152344;171.43617248535156
Im_L_14.png;7;0;7;455.9107971191406;174.0919647216797
Im_L_14.png;8;0;8;497.5246276855469;176.11532592773438
Im_L_14.png;9;0;9;538.3567504882812;178.85581970214844
Im_L_14.png;10;0;10;578.40771484375;180.7327117919922
Im_L_14.png;11;1;0;140.28443908691406;201.4110107421875
Im_L_14.png;12;1;1;187.33180236816406;203.57254028320312
Im_L_14.png;13;1;2;233.66717529296875;205.74681091308594
Im_L_14.png;14;1;3;279.4912414550781;208.05361938476562
Im_L_14.png;15;1;4;324.4811096191406;209.91629028320312
Im_L_14.png;16;1;5;368.6172790527344;212.31959533691406
Im_L_14.png;17;1;6;412.10491943359375;214.4244842529297
Im_L_14.png;18;1;7;454.5946350097656;216.18592834472656
Im_L_14.png;19;1;8;496.41143798828125;218.2449493408203
Im_L_14.png;20;1;9;537.2871704101562;220.48744201660156
Im_L_14.png;21;1;10;577.3909301757812;222.4057159423828
Im_L_14.png;22;2;0;137.7852325439453;246.9215545654297
Im_L_14.png;23;2;1;185.25462341308594;248.68272399902344
Im_L_14.png;24;2;2;231.7500762939453;250.4438934326172
Im_L_14.png;25;2;3;277.6895446777344;252.39825439453125
Im_L_14.png;26;2;4;322.845947265625;254.19818115234375
Im_L_14.png;27;2;5;367.2317810058594;255.8052978515625
Im_L_14.png;28;2;6;410.6264343261719;257.4989929199219
Im_L_14.png;29;2;7;453.3977355957031;259.2384033203125
Im_L_14.png;30;2;8;495.2126770019531;260.62615966796875
Im_L_14.png;31;2;9;536.2296752929688;262.4080505371094
Im_L_14.png;32;2;10;576.440185546875;263.8442687988281
Im_L_14.png;33;3;0;135.6863555908203;292.49127197265625
Im_L_14.png;34;3;1;183.2252197265625;293.85205078125
Im_L_14.png;35;3;2;229.89906311035156;295.2232666015625
Im_L_14.png;36;3;3;275.9712829589844;296.6806640625
Im_L_14.png;37;3;4;321.29254150390625;297.676513671875
Im_L_14.png;38;3;5;365.5578308105469;299.0833435058594
Im_L_14.png;39;3;6;409.3288269042969;300.5782165527344
Im_L_14.png;40;3;7;452.1596374511719;301.78814697265625
Im_L_14.png;41;3;8;494.0831604003906;302.6915283203125
Im_L_14.png;42;3;9;535.0364990234375;303.80426025390625
Im_L_14.png;43;3;10;575.36474609375;305.4504089355469
Im_L_14.png;44;4;0;133.65237426757812;338.26611328125
Im_L_14.png;45;4;1;181.2415008544922;339.234619140625
Im_L_14.png;46;4;2;228.07936096191406;340.40185546875
Im_L_14.png;47;4;3;274.23394775390625;341.17431640625
Im_L_14.png;48;4;4;319.57806396484375;342.19525146484375
Im_L_14.png;49;4;5;364.232421875;342.9148254394531
Im_L_14.png;50;4;6;407.84161376953125;343.71405029296875
Im_L_14.png;51;4;7;450.72412109375;344.6083679199219
Im_L_14.png;52;4;8;492.6783142089844;345.4471130371094
Im_L_14.png;53;4;9;533.821044921875;346.2767639160156
Im_L_14.png;54;4;10;574.3527221679688;346.9556579589844
Im_L_14.png;55;5;0;131.58692932128906;384.4437255859375
Im_L_14.png;56;5;1;179.3545379638672;385.2323303222656
Im_L_14.png;57;5;2;226.2679443359375;385.4816589355469
Im_L_14.png;58;5;3;272.4936218261719;386.0802001953125
Im_L_14.png;59;5;4;318.0738525390625;386.5935974121094
Im_L_14.png;60;5;5;362.6156311035156;386.9721984863281
Im_L_14.png;61;5;6;406.4632873535156;387.3328552246094
Im_L_14.png;62;5;7;449.4673767089844;387.9678649902344
Im_L_14.png;63;5;8;491.5613708496094;388.42950439453125
Im_L_14.png;64;5;9;532.682373046875;388.5256652832031
Im_L_14.png;65;5;10;573.3665771484375;388.5999450683594
Im_L_14.png;66;6;0;129.593505859375;430.6806945800781
Im_L_14.png;67;6;1;177.56668090820312;430.84368896484375
Im_L_14.png;68;6;2;224.41554260253906;431.14471435546875
Im_L_14.png;69;6;3;270.7666931152344;431.2446594238281
Im_L_14.png;70;6;4;316.4263000488281;431.2680358886719
Im_L_14.png;71;6;5;361.2129821777344;431.3432312011719
Im_L_14.png;72;6;6;405.1109313964844;431.3087158203125
Im_L_14.png;73;6;7;448.1650695800781;431.333251953125
Im_L_14.png;74;6;8;490.3929138183594;431.2911682128906
Im_L_14.png;75;6;9;531.5916137695312;431.21124267578125
Im_L_14.png;76;6;10;572.33984375;431.1745910644531
Im_L_15.png;0;0;0;189.33766174316406;195.3152313232422
Im_L_15.png;1;0;1;231.41632080078125;193.6391143798828
Im_L_15.png;2;0;2;273.6190185546875;192.12057495117188
Im_L_15.png;3;0;3;316.4635314941406;190.5546112060547
Im_L_15.png;4;0;4;359.6188049316406;188.9481964111328
Im_L_15.png;5;0;5;403.4007263183594;187.36976623535156
Im_L_15.png;6;0;6;447.46490478515625;185.67593383789062
Im_L_15.png;7;0;7;491.8523864746094;184.0660858154297
Im_L_15.png;8;0;8;536.7463989257812;182.45481872558594
Im_L_15.png;9;0;9;582.0850219726562;180.7816619873047
Im_L_15.png;10;0;10;627.5343017578125;179.3046875
Im_L_15.png;11;1;0;193.5859832763672;239.2982177734375
Im_L_15.png;12;1;1;235.09832763671875;238.20205688476562
Im_L_15.png;13;1;2;277.2248840332031;236.6667022705078
Im_L_15.png;14;1;3;319.6182861328125;235.40118408203125
Im_L_15.png;15;1;4;362.5936584472656;234.02420043945312
Im_L_15.png;16;1;5;405.9096984863281;232.70986938476562
Im_L_15.png;17;1;6;449.6175842285156;231.47630310058594
Im_L_15.png;18;1;7;493.71075439453125;230.34286499023438
Im_L_15.png;19;1;8;538.3357543945312;228.63966369628906
Im_L_15.png;20;1;9;583.0712280273438;227.23251342773438
Im_L_15.png;21;1;10;628.3297729492188;225.5241241455078
Im_L_15.png;22;2;0;197.51583862304688;283.04412841796875
Im_L_15.png;23;2;1;238.95758056640625;281.65582275390625
Im_L_15.png;24;2;2;280.6432800292969;280.7366027832031
Im_L_15.png;25;2;3;322.7967224121094;279.7249450683594
Im_L_15.png;26;2;4;365.44549560546875;278.37921142578125
Im_L_15.png;27;2;5;408.4649963378906;277.352294921875
Im_L_15.png;28;2;6;451.79156494140625;276.4779052734375
Im_L_15.png;29;2;7;495.5651550292969;275.11761474609375
Im_L_15.png;30;2;8;539.552734375;273.5486145019531
Im_L_15.png;31;2;9;584.1034545898438;272.7069396972656
Im_L_15.png;32;2;10;628.7750854492188;271.646240234375
Im_L_15.png;33;3;0;201.52610778808594;325.5195617675781
Im_L_15.png;34;3;1;242.5564727783203;324.5685119628906
Im_L_15.png;35;3;2;284.0391845703125;323.6897277832031
Im_L_15.png;36;3;3;325.90167236328125;323.0162048339844
Im_L_15.png;37;3;4;368.29608154296875;321.64263916015625
Im_L_15.png;38;3;5;410.7546081542969;321.17559814453125
Im_L_15.png;39;3;6;453.78997802734375;319.7979431152344
Im_L_15.png;40;3;7;497.3414001464844;319.10455322265625
Im_L_15.png;41;3;8;541.0302124023438;318.27227783203125
Im_L_15.png;42;3;9;585.0242919921875;316.6728515625
Im_L_15.png;43;3;10;629.462158203125;316.1656494140625
Im_L_15.png;44;4;0;205.62535095214844;367.5584716796875
Im_L_15.png;45;4;1;246.28074645996094;366.85845947265625
Im_L_15.png;46;4;2;287.4483642578125;366.2243957519531
Im_L_15.png;47;4;3;328.865478515625;365.5153503417969
Im_L_15.png;48;4;4;370.9886169433594;364.5233459472656
Im_L_15.png;49;4;5;413.2886047363281;364.071044921875
Im_L_15.png;50;4;6;456.01171875;363.073974609375
Im_L_15.png;51;4;7;499.04168701171875;362.3849792480469
Im_L_15.png;52;4;8;542.4318237304688;361.4421691894531
Im_L_15.png;53;4;9;586.00634765625;360.8096008300781
Im_L_15.png;54;4;10;629.9690551757812;359.6966552734375
Im_L_15.png;55;5;0;209.46524047851562;409.2078552246094
Im_L_15.png;56;5;1;250.05252075195312;408.4785461425781
Im_L_15.png;57;5;2;290.66009521484375;407.76019287109375
Im_L_15.png;58;5;3;332.0848388671875;407.5087890625
Im_L_15.png;59;5;4;373.6466979980469;406.64654541015625
Im_L_15.png;60;5;5;415.6703186035156;406.2144470214844
Im_L_15.png;61;5;6;457.95550537109375;405.6433410644531
Im_L_15.png;62;5;7;500.6169738769531;404.74127197265625
Im_L_15.png;63;5;8;543.6224365234375;404.46636962890625
Im_L_15.png;64;5;9;586.8822631835938;403.72357177734375
Im_L_15.png;65;5;10;630.541015625;402.87274169921875
Im_L_15.png;66;6;0;213.30313110351562;449.79266357421875
Im_L_15.png;67;6;1;253.642578125;449.3168640136719
Im_L_15.png;68;6;2;293.993408203125;449.2513122558594
Im_L_15.png;69;6;3;335.0646667480469;448.65850830078125
Im_L_15.png;70;6;4;376.43536376953125;447.8414306640625
Im_L_15.png;71;6;5;418.0843505859375;447.6152038574219
Im_L_15.png;72;6;6;460.0943603515625;447.4902648925781
Im_L_15.png;73;6;7;502.3680725097656;446.98541259765625
Im_L_15.png;74;6;8;544.9813842773438;446.2643737792969
Im_L_15.png;75;6;9;587.8104248046875;445.9759826660156
Im_L_15.png;76;6;10;631.2957153320312;445.4411926269531
Im_L_16.png;0;0;0;216.73974609375;166.55690002441406
Im_L_16.png;1;0;1;263.310791015625;169.40817260742188
Im_L_16.png;2;0;2;308.752197265625;172.08468627929688
Im_L_16.png;3;0;3;353.5750427246094;174.6408233642578
Im_L_16.png;4;0;4;397.6160888671875;177.53013610839844
Im_L_16.png;5;0;5;440.9275817871094;180.0543975830078
Im_L_16.png;6;0;6;483.4911193847656;182.5143585205078
Im_L_16.png;7;0;7;525.3185424804688;185.28384399414062
Im_L_16.png;8;0;8;566.3294677734375;187.37655639648438
Im_L_16.png;9;0;9;606.4292602539062;190.31163024902344
Im_L_16.png;10;0;10;645.943359375;192.13633728027344
Im_L_16.png;11;1;0;214.55406188964844;211.606689453125
Im_L_16.png;12;1;1;261.18243408203125;214.0433807373047
Im_L_16.png;13;1;2;306.833251953125;216.31044006347656
Im_L_16.png;14;1;3;351.74786376953125;218.80604553222656
Im_L_16.png;15;1;4;396.0661926269531;220.7612762451172
Im_L_16.png;16;1;5;439.4225158691406;223.15452575683594
Im_L_16.png;17;1;6;482.107421875;225.54576110839844
Im_L_16.png;18;1;7;523.8526611328125;227.3332977294922
Im_L_16.png;19;1;8;564.91162109375;229.4665985107422
Im_L_16.png;20;1;9;605.353271484375;231.77197265625
Im_L_16.png;21;1;10;644.743896484375;233.53408813476562
Im_L_16.png;22;2;0;212.26229858398438;257.20245361328125
Im_L_16.png;23;2;1;259.0423278808594;259.1598205566406
Im_L_16.png;24;2;2;304.84716796875;260.87640380859375
Im_L_16.png;25;2;3;349.9788818359375;262.77972412109375
Im_L_16.png;26;2;4;394.38580322265625;264.7914123535156
Im_L_16.png;27;2;5;437.7643127441406;266.7470703125
Im_L_16.png;28;2;6;480.56207275390625;268.57305908203125
Im_L_16.png;29;2;7;522.5589599609375;270.368896484375
Im_L_16.png;30;2;8;563.6467895507812;271.8471984863281
Im_L_16.png;31;2;9;604.2025146484375;273.487548828125
Im_L_16.png;32;2;10;643.7528076171875;275.16400146484375
Im_L_16.png;33;3;0;209.9199676513672;302.4414367675781
Im_L_16.png;34;3;1;256.8110656738281;304.0151062011719
Im_L_16.png;35;3;2;302.8280334472656;305.4975280761719
Im_L_16.png;36;3;3;348.2081604003906;307.1475524902344
Im_L_16.png;37;3;4;392.556884765625;308.5797424316406
Im_L_16.png;38;3;5;436.2378234863281;310.1767883300781
Im_L_16.png;39;3;6;479.1462707519531;311.5697326660156
Im_L_16.png;40;3;7;521.2978515625;312.7845153808594
Im_L_16.png;41;3;8;562.4352416992188;313.7980041503906
Im_L_16.png;42;3;9;602.7711181640625;315.1763000488281
Im_L_16.png;43;3;10;642.6206665039062;316.5819396972656
Im_L_16.png;44;4;0;207.72833251953125;348.36968994140625
Im_L_16.png;45;4;1;254.7086639404297;349.39874267578125
Im_L_16.png;46;4;2;300.8196716308594;350.40069580078125
Im_L_16.png;47;4;3;346.3191833496094;351.6686096191406
Im_L_16.png;48;4;4;390.81329345703125;352.5782470703125
Im_L_16.png;49;4;5;434.59649658203125;353.4615173339844
Im_L_16.png;50;4;6;477.5792236328125;354.8120422363281
Im_L_16.png;51;4;7;519.6932983398438;355.45440673828125
Im_L_16.png;52;4;8;561.167724609375;356.53973388671875
Im_L_16.png;53;4;9;601.6417236328125;357.5734558105469
Im_L_16.png;54;4;10;641.4981079101562;358.28607177734375
Im_L_16.png;55;5;0;205.52548217773438;394.3218688964844
Im_L_16.png;56;5;1;252.6407012939453;394.94635009765625
Im_L_16.png;57;5;2;298.862548828125;395.6971130371094
Im_L_16.png;58;5;3;344.46112060546875;396.4815979003906
Im_L_16.png;59;5;4;389.231689453125;396.68292236328125
Im_L_16.png;60;5;5;432.9912414550781;397.7601013183594
Im_L_16.png;61;5;6;476.1268005371094;398.220703125
Im_L_16.png;62;5;7;518.3975830078125;398.7129211425781
Im_L_16.png;63;5;8;559.7591552734375;399.53118896484375
Im_L_16.png;64;5;9;600.4573364257812;399.6759948730469
Im_L_16.png;65;5;10;640.4660034179688;400.3453369140625
Im_L_16.png;66;6;0;203.37989807128906;440.5534362792969
Im_L_16.png;67;6;1;250.66693115234375;440.89910888671875
Im_L_16.png;68;6;2;296.9449157714844;441.2996826171875
Im_L_16.png;69;6;3;342.6012878417969;441.3502197265625
Im_L_16.png;70;6;4;387.4387512207031;441.38531494140625
Im_L_16.png;71;6;5;431.4248962402344;441.563232421875
Im_L_16.png;72;6;6;474.52734375;441.7671203613281
Im_L_16.png;73;6;7;516.9843139648438;442.2335205078125
Im_L_16.png;74;6;8;558.5036010742188;442.3940124511719
Im_L_16.png;75;6;9;599.2537841796875;442.50762939453125
Im_L_16.png;76;6;10;639.3822021484375;442.65106201171875
Im_L_17.png;0;0;0;150.36526489257812;124.66516876220703
Im_L_17.png;1;0;1;190.69891357421875;124.23560333251953
Im_L_17.png;2;0;2;231.19578552246094;123.96932220458984
Im_L_17.png;3;0;3;271.706298828125;123.60185241699219
Im_L_17.png;4;0;4;312.505859375;123.41085815429688
Im_L_17.png;5;0;5;353.4586486816406;123.25537109375
Im_L_17.png;6;0;6;394.4664001464844;123.16801452636719
Im_L_17.png;7;0;7;435.4454040527344;122.61627197265625
Im_L_17.png;8;0;8;476.49090576171875;122.27901458740234
Im_L_17.png;9;0;9;517.500732421875;122.02215576171875
Im_L_17.png;10;0;10;558.4609375;121.64352416992188
Im_L_17.png;11;1;0;150.8181610107422;166.31887817382812
Im_L_17.png;12;1;1;190.9632568359375;165.80349731445312
Im_L_17.png;13;1;2;231.45721435546875;165.61602783203125
Im_L_17.png;14;1;3;272.18121337890625;165.42958068847656
Im_L_17.png;15;1;4;312.8567810058594;164.99627685546875
Im_L_17.png;16;1;5;353.70623779296875;164.80313110351562
Im_L_17.png;17;1;6;394.6686096191406;164.73118591308594
Im_L_17.png;18;1;7;435.62567138671875;164.5745086669922
Im_L_17.png;19;1;8;476.6115417480469;164.3620147705078
Im_L_17.png;20;1;9;517.5592651367188;164.21493530273438
Im_L_17.png;21;1;10;558.4705810546875;163.6051788330078
Im_L_17.png;22;2;0;151.0574188232422;207.7710418701172
Im_L_17.png;23;2;1;191.42214965820312;207.4125213623047
Im_L_17.png;24;2;2;231.76028442382812;207.22439575195312
Im_L_17.png;25;2;3;272.4665832519531;207.0374755859375
Im_L_17.png;26;2;4;313.27679443359375;206.67572021484375
Im_L_17.png;27;2;5;354.1512451171875;206.5571746826172
Im_L_17.png;28;2;6;394.9801025390625;206.48089599609375
Im_L_17.png;29;2;7;435.923095703125;206.3992462158203
Im_L_17.png;30;2;8;476.7352294921875;206.33029174804688
Im_L_17.png;31;2;9;517.65234375;206.22947692871094
Im_L_17.png;32;2;10;558.5108642578125;205.7326202392578
Im_L_17.png;33;3;0;151.44204711914062;249.04356384277344
Im_L_17.png;34;3;1;191.71865844726562;248.84214782714844
Im_L_17.png;35;3;2;232.23089599609375;248.64739990234375
Im_L_17.png;36;3;3;272.76409912109375;248.4696044921875
Im_L_17.png;37;3;4;313.56768798828125;248.13136291503906
Im_L_17.png;38;3;5;354.3572692871094;247.9439697265625
Im_L_17.png;39;3;6;395.32525634765625;247.92312622070312
Im_L_17.png;40;3;7;436.2024841308594;247.82337951660156
Im_L_17.png;41;3;8;477.0050048828125;247.69338989257812
Im_L_17.png;42;3;9;517.6797485351562;247.58982849121094
Im_L_17.png;43;3;10;558.5292358398438;247.32034301757812
Im_L_17.png;44;4;0;152.071044921875;290.25079345703125
Im_L_17.png;45;4;1;192.2539520263672;290.10980224609375
Im_L_17.png;46;4;2;232.59320068359375;289.8631896972656
Im_L_17.png;47;4;3;273.2743225097656;289.6551513671875
Im_L_17.png;48;4;4;313.94964599609375;289.56597900390625
Im_L_17.png;49;4;5;354.6651306152344;289.5174255371094
Im_L_17.png;50;4;6;395.53021240234375;289.4848327636719
Im_L_17.png;51;4;7;436.40740966796875;289.3881530761719
Im_L_17.png;52;4;8;477.234619140625;289.3058776855469
Im_L_17.png;53;4;9;517.8048095703125;289.1271667480469
Im_L_17.png;54;4;10;558.5552978515625;288.6007080078125
Im_L_17.png;55;5;0;152.4212646484375;331.62066650390625
Im_L_17.png;56;5;1;192.71383666992188;331.4419860839844
Im_L_17.png;57;5;2;233.0892791748047;331.2806396484375
Im_L_17.png;58;5;3;273.6359558105469;331.1803283691406
Im_L_17.png;59;5;4;314.4155578613281;331.0871887207031
Im_L_17.png;60;5;5;355.1520080566406;331.02197265625
Im_L_17.png;61;5;6;395.8070068359375;330.87457275390625
Im_L_17.png;62;5;7;436.5364074707031;330.7718200683594
Im_L_17.png;63;5;8;477.40625;330.5392150878906
Im_L_17.png;64;5;9;517.9295654296875;330.4175109863281
Im_L_17.png;65;5;10;558.5704956054688;329.8538513183594
Im_L_17.png;66;6;0;152.8747100830078;372.6540222167969
Im_L_17.png;67;6;1;193.39662170410156;372.5719909667969
Im_L_17.png;68;6;2;233.43885803222656;372.5030822753906
Im_L_17.png;69;6;3;274.2054138183594;372.4906005859375
Im_L_17.png;70;6;4;314.8065185546875;372.4342346191406
Im_L_17.png;71;6;5;355.4791259765625;372.3744812011719
Im_L_17.png;72;6;6;396.1915283203125;372.16632080078125
Im_L_17.png;73;6;7;436.7605285644531;371.8992919921875
Im_L_17.png;74;6;8;477.5041809082031;371.6631774902344
Im_L_17.png;75;6;9;518.15771484375;371.4371337890625
Im_L_17.png;76;6;10;558.6397094726562;371.0559997558594
Im_L_18.png;0;0;0;129.45362854003906;154.9025115966797
Im_L_18.png;1;0;1;173.69410705566406;150.57801818847656
Im_L_18.png;2;0;2;218.0033416748047;146.38943481445312
Im_L_18.png;3;0;3;262.5113830566406;142.29190063476562
Im_L_18.png;4;0;4;307.2684020996094;138.15719604492188
Im_L_18.png;5;0;5;352.1701354980469;133.8812255859375
Im_L_18.png;6;0;6;397.1723937988281;129.7263946533203
Im_L_18.png;7;0;7;442.17718505859375;125.62445831298828
Im_L_18.png;8;0;8;487.2756042480469;121.57526397705078
Im_L_18.png;9;0;9;532.3493041992188;117.47584533691406
Im_L_18.png;10;0;10;577.3514404296875;113.46177673339844
Im_L_18.png;11;1;0;138.71969604492188;200.24571228027344
Im_L_18.png;12;1;1;182.1722869873047;196.1062469482422
Im_L_18.png;13;1;2;225.95364379882812;192.10623168945312
Im_L_18.png;14;1;3;270.0102844238281;188.0899658203125
Im_L_18.png;15;1;4;314.20458984375;183.9746856689453
Im_L_18.png;16;1;5;358.47998046875;179.81044006347656
Im_L_18.png;17;1;6;402.728271484375;175.822998046875
Im_L_18.png;18;1;7;447.2698974609375;171.7400665283203
Im_L_18.png;19;1;8;491.6039733886719;167.73988342285156
Im_L_18.png;20;1;9;536.0494995117188;163.70571899414062
Im_L_18.png;21;1;10;580.4383544921875;159.71107482910156
Im_L_18.png;22;2;0;147.45223999023438;244.55474853515625
Im_L_18.png;23;2;1;190.55355834960938;240.55154418945312
Im_L_18.png;24;2;2;233.82557678222656;236.58860778808594
Im_L_18.png;25;2;3;277.25286865234375;232.63966369628906
Im_L_18.png;26;2;4;320.90740966796875;228.66464233398438
Im_L_18.png;27;2;5;364.5495910644531;224.72251892089844
Im_L_18.png;28;2;6;408.4079895019531;220.77352905273438
Im_L_18.png;29;2;7;452.18792724609375;216.75173950195312
Im_L_18.png;30;2;8;495.9144592285156;212.77633666992188
Im_L_18.png;31;2;9;539.6724853515625;209.03854370117188
Im_L_18.png;32;2;10;583.4456787109375;204.83370971679688
Im_L_18.png;33;3;0;156.11802673339844;287.4407653808594
Im_L_18.png;34;3;1;198.66978454589844;283.5655822753906
Im_L_18.png;35;3;2;241.43099975585938;279.6737060546875
Im_L_18.png;36;3;3;284.3916931152344;275.8502502441406
Im_L_18.png;37;3;4;327.44207763671875;271.8848571777344
Im_L_18.png;38;3;5;370.4754333496094;268.16864013671875
Im_L_18.png;39;3;6;413.6470031738281;264.3494567871094
Im_L_18.png;40;3;7;456.8863220214844;260.47515869140625
Im_L_18.png;41;3;8;500.1117858886719;256.4886169433594
Im_L_18.png;42;3;9;543.2445678710938;252.63751220703125
Im_L_18.png;43;3;10;586.3875732421875;248.6614990234375
Im_L_18.png;44;4;0;164.76333618164062;329.32696533203125
Im_L_18.png;45;4;1;206.68896484375;325.5347900390625
Im_L_18.png;46;4;2;248.89096069335938;321.6954650878906
Im_L_18.png;47;4;3;291.2956237792969;317.9487609863281
Im_L_18.png;48;4;4;333.7292785644531;314.0423583984375
Im_L_18.png;49;4;5;376.385009765625;310.3759460449219
Im_L_18.png;50;4;6;419.0225524902344;306.59930419921875
Im_L_18.png;51;4;7;461.5368957519531;302.65472412109375
Im_L_18.png;52;4;8;504.1981506347656;299.0631103515625
Im_L_18.png;53;4;9;546.6175537109375;295.14105224609375
Im_L_18.png;54;4;10;589.1834106445312;291.1595764160156
Im_L_18.png;55;5;0;173.02395629882812;370.21075439453125
Im_L_18.png;56;5;1;214.64512634277344;366.4390869140625
Im_L_18.png;57;5;2;256.30029296875;362.6583251953125
Im_L_18.png;58;5;3;298.12957763671875;359.1468811035156
Im_L_18.png;59;5;4;340.1353759765625;355.24224853515625
Im_L_18.png;60;5;5;382.0695495605469;351.5948486328125
Im_L_18.png;61;5;6;424.065673828125;347.7355041503906
Im_L_18.png;62;5;7;466.0922546386719;343.8145446777344
Im_L_18.png;63;5;8;508.1028747558594;340.2490234375
Im_L_18.png;64;5;9;549.977783203125;336.3780212402344
Im_L_18.png;65;5;10;591.9754638671875;332.51495361328125
Im_L_18.png;66;6;0;181.19215393066406;410.0198669433594
Im_L_18.png;67;6;1;222.4468536376953;406.2625427246094
Im_L_18.png;68;6;2;263.4106750488281;402.722900390625
Im_L_18.png;69;6;3;304.7671813964844;398.95367431640625
Im_L_18.png;70;6;4;346.1551513671875;395.0853271484375
Im_L_18.png;71;6;5;387.5616455078125;391.511962890625
Im_L_18.png;72;6;6;429.05072021484375;387.8020324707031
Im_L_18.png;73;6;7;470.4469909667969;384.1864929199219
Im_L_18.png;74;6;8;511.8955383300781;380.5110168457031
Im_L_18.png;75;6;9;553.3001708984375;376.61492919921875
Im_L_18.png;76;6;10;594.6336669921875;372.6104431152344
Im_L_19.png;0;0;0;159.57821655273438;148.60475158691406
Im_L_19.png;1;0;1;203.138671875;145.03440856933594
Im_L_19.png;2;0;2;246.53640747070312;141.60150146484375
Im_L_19.png;3;0;3;290.2992248535156;138.22952270507812
Im_L_19.png;4;0;4;334.0281982421875;134.71255493164062
Im_L_19.png;5;0;5;378.0987243652344;131.331298828125
Im_L_19.png;6;0;6;422.0923156738281;128.1103515625
Im_L_19.png;7;0;7;466.17779541015625;124.54335021972656
Im_L_19.png;8;0;8;510.25506591796875;121.26526641845703
Im_L_19.png;9;0;9;554.2688598632812;117.7899398803711
Im_L_19.png;10;0;10;598.3194580078125;114.06998443603516
Im_L_19.png;11;1;0;166.68934631347656;193.30612182617188
Im_L_19.png;12;1;1;209.50010681152344;189.92530822753906
Im_L_19.png;13;1;2;252.66836547851562;186.51571655273438
Im_L_19.png;14;1;3;295.98736572265625;183.28233337402344
Im_L_19.png;15;1;4;339.4251708984375;179.8147430419922
Im_L_19.png;16;1;5;382.811279296875;176.43594360351562
Im_L_19.png;17;1;6;426.42303466796875;173.1866912841797
Im_L_19.png;18;1;7;469.9469299316406;169.65367126464844
Im_L_19.png;19;1;8;513.5609130859375;166.480224609375
Im_L_19.png;20;1;9;557.1949462890625;163.31922912597656
Im_L_19.png;21;1;10;600.6708374023438;159.83450317382812
Im_L_19.png;22;2;0;173.4202423095703;237.34059143066406
Im_L_19.png;23;2;1;216.09890747070312;234.01124572753906
Im_L_19.png;24;2;2;258.770263671875;230.64105224609375
Im_L_19.png;25;2;3;301.54638671875;227.478759765625
Im_L_19.png;26;2;4;344.595703125;224.1570281982422
Im_L_19.png;27;2;5;387.59771728515625;220.79293823242188
Im_L_19.png;28;2;6;430.677978515625;217.61781311035156
Im_L_19.png;29;2;7;473.7655029296875;214.35546875
Im_L_19.png;30;2;8;516.845947265625;211.23683166503906
Im_L_19.png;31;2;9;559.9723510742188;207.77415466308594
Im_L_19.png;32;2;10;603.1088256835938;204.59828186035156
Im_L_19.png;33;3;0;180.1258544921875;280.3326416015625
Im_L_19.png;34;3;1;222.34616088867188;276.8793640136719
Im_L_19.png;35;3;2;264.6346740722656;273.62738037109375
Im_L_19.png;36;3;3;307.2129821777344;270.4888000488281
Im_L_19.png;37;3;4;349.6471252441406;267.1735534667969
Im_L_19.png;38;3;5;392.1513366699219;263.86663818359375
Im_L_19.png;39;3;6;434.7980651855469;260.70819091796875
Im_L_19.png;40;3;7;477.4770812988281;257.5056457519531
Im_L_19.png;41;3;8;520.1452026367188;254.3014373779297
Im_L_19.png;42;3;9;562.6609497070312;251.2176971435547
Im_L_19.png;43;3;10;605.346923828125;247.72894287109375
Im_L_19.png;44;4;0;186.80047607421875;322.1296081542969
Im_L_19.png;45;4;1;228.5290985107422;318.9990234375
Im_L_19.png;46;4;2;270.46893310546875;315.7320556640625
Im_L_19.png;47;4;3;312.4540100097656;312.6929931640625
Im_L_19.png;48;4;4;354.63336181640625;309.3948669433594
Im_L_19.png;49;4;5;396.6978454589844;306.2631530761719
Im_L_19.png;50;4;6;438.92230224609375;303.1796875
Im_L_19.png;51;4;7;481.1458435058594;299.8312072753906
Im_L_19.png;52;4;8;523.2886352539062;296.6847229003906
Im_L_19.png;53;4;9;565.3880004882812;293.5471496582031
Im_L_19.png;54;4;10;607.494384765625;290.1299133300781
Im_L_19.png;55;5;0;193.2815704345703;363.5018005371094
Im_L_19.png;56;5;1;234.7540740966797;360.2949523925781
Im_L_19.png;57;5;2;276.1395263671875;357.11932373046875
Im_L_19.png;58;5;3;317.7296142578125;353.9290771484375
Im_L_19.png;59;5;4;359.4834289550781;350.7591247558594
Im_L_19.png;60;5;5;401.2518310546875;347.7088928222656
Im_L_19.png;61;5;6;442.8647766113281;344.604248046875
Im_L_19.png;62;5;7;484.6346130371094;341.5068664550781
Im_L_19.png;63;5;8;526.4107055664062;338.322998046875
Im_L_19.png;64;5;9;568.0015869140625;335.2840881347656
Im_L_19.png;65;5;10;609.6116943359375;331.91632080078125
Im_L_19.png;66;6;0;199.65939331054688;404.0408630371094
Im_L_19.png;67;6;1;240.8106689453125;400.64501953125
Im_L_19.png;68;6;2;281.74200439453125;397.7562561035156
Im_L_19.png;69;6;3;323.1039123535156;394.5123596191406
Im_L_19.png;70;6;4;364.34503173828125;391.44970703125
Im_L_19.png;71;6;5;405.54638671875;388.3517150878906
Im_L_19.png;72;6;6;446.8342590332031;385.3628845214844
Im_L_19.png;73;6;7;488.1919860839844;382.1407775878906
Im_L_19.png;74;6;8;529.4376831054688;378.908935546875
Im_L_19.png;75;6;9;570.5588989257812;375.6255187988281
Im_L_19.png;76;6;10;611.7786254882812;372.4922790527344
Im_L_2.png;0;0;0;173.16976928710938;191.31602478027344
Im_L_2.png;1;0;1;212.144775390625;182.47825622558594
Im_L_2.png;2;0;2;250.7591552734375;173.72952270507812
Im_L_2.png;3;0;3;289.70050048828125;165.0255889892578
Im_L_2.png;4;0;4;328.5675048828125;156.25950622558594
Im_L_2.png;5;0;5;367.5685729980469;147.3326416015625
Im_L_2.png;6;0;6;406.57672119140625;138.5556182861328
Im_L_2.png;7;0;7;445.5804748535156;129.6260986328125
Im_L_2.png;8;0;8;484.5454406738281;120.82258605957031
Im_L_2.png;9;0;9;523.50732421875;112.2208251953125
Im_L_2.png;10;0;10;562.3731689453125;103.38876342773438
Im_L_2.png;11;1;0;181.2880096435547;230.6943817138672
Im_L_2.png;12;1;1;219.93504333496094;221.8876953125
Im_L_2.png;13;1;2;258.9863586425781;213.07984924316406
Im_L_2.png;14;1;3;297.81768798828125;204.4350128173828
Im_L_2.png;15;1;4;336.9715576171875;195.46826171875
Im_L_2.png;16;1;5;375.9887390136719;186.71987915039062
Im_L_2.png;17;1;6;415.1678466796875;177.877685546875
Im_L_2.png;18;1;7;454.2554016113281;169.05877685546875
Im_L_2.png;19;1;8;493.28802490234375;160.25482177734375
Im_L_2.png;20;1;9;532.3089599609375;151.49009704589844
Im_L_2.png;21;1;10;571.1943969726562;142.62196350097656
Im_L_2.png;22;2;0;189.04042053222656;270.4527587890625
Im_L_2.png;23;2;1;228.17340087890625;261.4878234863281
Im_L_2.png;24;2;2;267.0420227050781;252.7528839111328
Im_L_2.png;25;2;3;306.2489929199219;243.91490173339844
Im_L_2.png;26;2;4;345.3424987792969;235.1447296142578
Im_L_2.png;27;2;5;384.491943359375;226.33432006835938
Im_L_2.png;28;2;6;423.6036376953125;217.4849853515625
Im_L_2.png;29;2;7;462.7934875488281;208.59573364257812
Im_L_2.png;30;2;8;501.9117736816406;199.83773803710938
Im_L_2.png;31;2;9;541.0718383789062;191.06544494628906
Im_L_2.png;32;2;10;580.0488891601562;182.2731475830078
Im_L_2.png;33;3;0;197.07220458984375;309.9559326171875
Im_L_2.png;34;3;1;236.13372802734375;301.20819091796875
Im_L_2.png;35;3;2;275.3186950683594;292.3255615234375
Im_L_2.png;36;3;3;314.4566955566406;283.5348815917969
Im_L_2.png;37;3;4;353.71551513671875;274.6196594238281
Im_L_2.png;38;3;5;392.7719421386719;265.8045349121094
Im_L_2.png;39;3;6;432.2559509277344;256.9591369628906
Im_L_2.png;40;3;7;471.4205627441406;248.15968322753906
Im_L_2.png;41;3;8;510.6213684082031;239.40451049804688
Im_L_2.png;42;3;9;549.66455078125;230.5311279296875
Im_L_2.png;43;3;10;588.7779541015625;221.65701293945312
Im_L_2.png;44;4;0;205.23423767089844;349.767333984375
Im_L_2.png;45;4;1;244.33004760742188;341.012451171875
Im_L_2.png;46;4;2;283.5181579589844;332.2112121582031
Im_L_2.png;47;4;3;322.7443542480469;323.3468017578125
Im_L_2.png;48;4;4;362.171142578125;314.53814697265625
Im_L_2.png;49;4;5;401.4813537597656;305.61773681640625
Im_L_2.png;50;4;6;440.80023193359375;296.7891540527344
Im_L_2.png;51;4;7;480.1747741699219;287.88226318359375
Im_L_2.png;52;4;8;519.4012451171875;279.07891845703125
Im_L_2.png;53;4;9;558.5411987304688;270.279296875
Im_L_2.png;54;4;10;597.6314086914062;261.3271789550781
Im_L_2.png;55;5;0;213.29100036621094;389.851806640625
Im_L_2.png;56;5;1;252.606689453125;381.1859436035156
Im_L_2.png;57;5;2;291.8645935058594;372.2641296386719
Im_L_2.png;58;5;3;331.2517395019531;363.3891906738281
Im_L_2.png;59;5;4;370.6645812988281;354.5009460449219
Im_L_2.png;60;5;5;410.07122802734375;345.6442565917969
Im_L_2.png;61;5;6;449.49346923828125;336.72760009765625
Im_L_2.png;62;5;7;488.7873840332031;327.8921203613281
Im_L_2.png;63;5;8;528.2376708984375;319.0635681152344
Im_L_2.png;64;5;9;567.4313354492188;310.2446594238281
Im_L_2.png;65;5;10;606.6056518554688;301.28436279296875
Im_L_2.png;66;6;0;221.4076690673828;430.20794677734375
Im_L_2.png;67;6;1;260.9656066894531;421.3177185058594
Im_L_2.png;68;6;2;300.2069091796875;412.449951171875
Im_L_2.png;69;6;3;339.71734619140625;403.5391845703125
Im_L_2.png;70;6;4;379.29168701171875;394.62042236328125
Im_L_2.png;71;6;5;418.662841796875;385.73602294921875
Im_L_2.png;72;6;6;458.2077331542969;376.8255615234375
Im_L_2.png;73;6;7;497.54925537109375;367.99359130859375
Im_L_2.png;74;6;8;537.01611328125;359.12322998046875
Im_L_2.png;75;6;9;576.3071899414062;350.161376953125
Im_L_2.png;76;6;10;615.5938110351562;341.2548828125
Im_L_20.png;0;0;0;151.07321166992188;93.50115203857422
Im_L_20.png;1;0;1;196.9356231689453;93.15325164794922
Im_L_20.png;2;0;2;242.25856018066406;92.90786743164062
Im_L_20.png;3;0;3;287.294189453125;92.79695892333984
Im_L_20.png;4;0;4;331.9419250488281;92.69780731201172
Im_L_20.png;5;0;5;376.2540588378906;92.48204040527344
Im_L_20.png;6;0;6;420.0271911621094;92.51411437988281
Im_L_20.png;7;0;7;463.36236572265625;92.33428192138672
Im_L_20.png;8;0;8;506.1330871582031;92.25955200195312
Im_L_20.png;9;0;9;548.3865356445312;92.33518981933594
Im_L_20.png;10;0;10;590.1956787109375;91.8341293334961
Im_L_20.png;11;1;0;153.0837860107422;139.1096649169922
Im_L_20.png;12;1;1;198.53411865234375;138.46255493164062
Im_L_20.png;13;1;2;243.82980346679688;137.87315368652344
Im_L_20.png;14;1;3;288.819091796875;137.64268493652344
Im_L_20.png;15;1;4;333.4580078125;137.44595336914062
Im_L_20.png;16;1;5;377.50494384765625;137.0252227783203
Im_L_20.png;17;1;6;421.30084228515625;136.5587921142578
Im_L_20.png;18;1;7;464.40386962890625;136.2129364013672
Im_L_20.png;19;1;8;507.0459899902344;136.123779296875
Im_L_20.png;20;1;9;549.1508178710938;135.97613525390625
Im_L_20.png;21;1;10;590.63037109375;135.47085571289062
Im_L_20.png;22;2;0;154.7578582763672;184.4692840576172
Im_L_20.png;23;2;1;200.45468139648438;183.7025604248047
Im_L_20.png;24;2;2;245.55751037597656;182.92799377441406
Im_L_20.png;25;2;3;290.49884033203125;182.47132873535156
Im_L_20.png;26;2;4;334.8867492675781;181.88475036621094
Im_L_20.png;27;2;5;378.8977966308594;181.2080078125
Im_L_20.png;28;2;6;422.416259765625;180.73049926757812
Im_L_20.png;29;2;7;465.4759521484375;180.26905822753906
Im_L_20.png;30;2;8;507.8685607910156;179.443359375
Im_L_20.png;31;2;9;549.7378540039062;179.27305603027344
Im_L_20.png;32;2;10;591.3591918945312;178.5493621826172
Im_L_20.png;33;3;0;156.71697998046875;229.4211883544922
Im_L_20.png;34;3;1;202.28378295898438;228.50259399414062
Im_L_20.png;35;3;2;247.38433837890625;227.4582977294922
Im_L_20.png;36;3;3;292.13818359375;226.77474975585938
Im_L_20.png;37;3;4;336.4715576171875;225.6499481201172
Im_L_20.png;38;3;5;380.2610168457031;225.22573852539062
Im_L_20.png;39;3;6;423.5941467285156;224.14291381835938
Im_L_20.png;40;3;7;466.4727478027344;223.60035705566406
Im_L_20.png;41;3;8;508.73565673828125;222.50035095214844
Im_L_20.png;42;3;9;550.5003051757812;222.21180725097656
Im_L_20.png;43;3;10;591.74609375;220.78335571289062
Im_L_20.png;44;4;0;158.78070068359375;273.9145812988281
Im_L_20.png;45;4;1;204.16708374023438;272.9295654296875
Im_L_20.png;46;4;2;249.13345336914062;271.8293762207031
Im_L_20.png;47;4;3;293.66131591796875;270.6707458496094
Im_L_20.png;48;4;4;337.9090881347656;269.6253356933594
Im_L_20.png;49;4;5;381.6027526855469;268.6285095214844
Im_L_20.png;50;4;6;424.7782897949219;267.4839172363281
Im_L_20.png;51;4;7;467.5211181640625;266.611572265625
Im_L_20.png;52;4;8;509.6133728027344;265.50244140625
Im_L_20.png;53;4;9;551.3567504882812;264.3590393066406
Im_L_20.png;54;4;10;592.4328002929688;263.57977294921875
Im_L_20.png;55;5;0;160.77780151367188;318.6755676269531
Im_L_20.png;56;5;1;206.17483520507812;317.357421875
Im_L_20.png;57;5;2;250.87591552734375;315.8993835449219
Im_L_20.png;58;5;3;295.44036865234375;314.67724609375
Im_L_20.png;59;5;4;339.4547119140625;313.4030456542969
Im_L_20.png;60;5;5;383.0509338378906;311.8045959472656
Im_L_20.png;61;5;6;426.13922119140625;310.5104675292969
Im_L_20.png;62;5;7;468.5599670410156;309.3991394042969
Im_L_20.png;63;5;8;510.54962158203125;308.33380126953125
Im_L_20.png;64;5;9;552.0021362304688;307.1375732421875
Im_L_20.png;65;5;10;593.0435180664062;305.4731140136719
Im_L_20.png;66;6;0;162.8747100830078;362.9617614746094
Im_L_20.png;67;6;1;208.25489807128906;361.3942565917969
Im_L_20.png;68;6;2;252.66885375976562;359.6975402832031
Im_L_20.png;69;6;3;297.21368408203125;358.1900939941406
Im_L_20.png;70;6;4;341.0112609863281;356.53680419921875
Im_L_20.png;71;6;5;384.392822265625;354.94281005859375
Im_L_20.png;72;6;6;427.3046875;353.4399719238281
Im_L_20.png;73;6;7;469.5743408203125;351.67767333984375
Im_L_20.png;74;6;8;511.4723815917969;350.24853515625
Im_L_20.png;75;6;9;552.6325073242188;348.5677490234375
Im_L_20.png;76;6;10;593.501953125;347.0142822265625
Im_L_3.png;0;0;0;166.3772735595703;154.4683837890625
Im_L_3.png;1;0;1;207.015869140625;152.4423370361328
Im_L_3.png;2;0;2;247.38352966308594;150.4265899658203
Im_L_3.png;3;0;3;288.01226806640625;148.2901153564453
Im_L_3.png;4;0;4;328.5982666015625;146.18991088867188
Im_L_3.png;5;0;5;369.397216796875;144.1590576171875
Im_L_3.png;6;0;6;410.14593505859375;142.43771362304688
Im_L_3.png;7;0;7;450.6958923339844;140.1891632080078
Im_L_3.png;8;0;8;491.4119567871094;137.76637268066406
Im_L_3.png;9;0;9;531.9752807617188;136.15371704101562
Im_L_3.png;10;0;10;572.4964599609375;134.3321075439453
Im_L_3.png;11;1;0;167.69163513183594;195.63699340820312
Im_L_3.png;12;1;1;208.15847778320312;193.39395141601562
Im_L_3.png;13;1;2;248.71482849121094;191.36557006835938
Im_L_3.png;14;1;3;289.5112609863281;189.37503051757812
Im_L_3.png;15;1;4;330.35504150390625;187.32424926757812
Im_L_3.png;16;1;5;371.1199951171875;185.45700073242188
Im_L_3.png;17;1;6;411.8757019042969;183.32574462890625
Im_L_3.png;18;1;7;452.62152099609375;180.94210815429688
Im_L_3.png;19;1;8;493.41912841796875;179.2629852294922
Im_L_3.png;20;1;9;533.9918823242188;177.50921630859375
Im_L_3.png;21;1;10;574.5244140625;174.97760009765625
Im_L_3.png;22;2;0;168.8585968017578;236.84654235839844
Im_L_3.png;23;2;1;209.53671264648438;234.678955078125
Im_L_3.png;24;2;2;250.25120544433594;232.71861267089844
Im_L_3.png;25;2;3;291.1517028808594;230.6450653076172
Im_L_3.png;26;2;4;331.924560546875;228.62782287597656
Im_L_3.png;27;2;5;372.8254089355469;226.6356964111328
Im_L_3.png;28;2;6;413.6509704589844;224.47467041015625
Im_L_3.png;29;2;7;454.54833984375;222.4620819091797
Im_L_3.png;30;2;8;495.3530578613281;220.65093994140625
Im_L_3.png;31;2;9;536.0110473632812;218.6231231689453
Im_L_3.png;32;2;10;576.5708618164062;216.1579132080078
Im_L_3.png;33;3;0;170.1659698486328;278.155029296875
Im_L_3.png;34;3;1;210.8607635498047;276.15191650390625
Im_L_3.png;35;3;2;251.6555938720703;273.95306396484375
Im_L_3.png;36;3;3;292.6072082519531;271.9181213378906
Im_L_3.png;37;3;4;333.5777282714844;269.9326477050781
Im_L_3.png;38;3;5;374.5046691894531;267.8013610839844
Im_L_3.png;39;3;6;415.52142333984375;265.6373596191406
Im_L_3.png;40;3;7;456.42974853515625;263.8325500488281
Im_L_3.png;41;3;8;497.3211364746094;261.814453125
Im_L_3.png;42;3;9;537.9005126953125;259.4715270996094
Im_L_3.png;43;3;10;578.590087890625;257.50726318359375
Im_L_3.png;44;4;0;171.5596466064453;319.540771484375
Im_L_3.png;45;4;1;212.34930419921875;317.5446472167969
Im_L_3.png;46;4;2;253.2715606689453;315.4886779785156
Im_L_3.png;47;4;3;294.2702941894531;313.4615478515625
Im_L_3.png;48;4;4;335.33740234375;311.465576171875
Im_L_3.png;49;4;5;376.38214111328125;309.31988525390625
Im_L_3.png;50;4;6;417.404541015625;307.1416931152344
Im_L_3.png;51;4;7;458.3941650390625;305.3635559082031
Im_L_3.png;52;4;8;499.26611328125;303.1835632324219
Im_L_3.png;53;4;9;539.8878784179688;300.7474365234375
Im_L_3.png;54;4;10;580.6414184570312;299.14111328125
Im_L_3.png;55;5;0;172.82095336914062;361.3747253417969
Im_L_3.png;56;5;1;213.85621643066406;359.3416748046875
Im_L_3.png;57;5;2;254.74571228027344;357.2524719238281
Im_L_3.png;58;5;3;295.9264221191406;355.1610107421875
Im_L_3.png;59;5;4;337.12738037109375;353.2205810546875
Im_L_3.png;60;5;5;378.19677734375;351.09735107421875
Im_L_3.png;61;5;6;419.2930603027344;348.68951416015625
Im_L_3.png;62;5;7;460.2977600097656;347.01483154296875
Im_L_3.png;63;5;8;501.2820129394531;344.7725830078125
Im_L_3.png;64;5;9;541.9235229492188;342.37481689453125
Im_L_3.png;65;5;10;582.6961669921875;340.5194091796875
Im_L_3.png;66;6;0;174.2123260498047;403.193359375
Im_L_3.png;67;6;1;215.4862060546875;401.18988037109375
Im_L_3.png;68;6;2;256.34783935546875;399.1103515625
Im_L_3.png;69;6;3;297.5752258300781;396.84954833984375
Im_L_3.png;70;6;4;338.7601623535156;394.8346252441406
Im_L_3.png;71;6;5;380.0129089355469;392.87335205078125
Im_L_3.png;72;6;6;421.1033630371094;390.4798889160156
Im_L_3.png;73;6;7;462.20635986328125;388.47698974609375
Im_L_3.png;74;6;8;503.23028564453125;386.6020812988281
Im_L_3.png;75;6;9;544.06201171875;384.0682373046875
Im_L_3.png;76;6;10;584.8079833984375;382.2261657714844
Im_L_4.png;0;0;0;183.14854431152344;132.61378479003906
Im_L_4.png;1;0;1;224.20663452148438;132.0830535888672
Im_L_4.png;2;0;2;265.0461730957031;131.5684051513672
Im_L_4.png;3;0;3;306.0509033203125;131.34727478027344
Im_L_4.png;4;0;4;347.1451721191406;131.10020446777344
Im_L_4.png;5;0;5;388.2658386230469;130.3474578857422
Im_L_4.png;6;0;6;429.4092712402344;129.76976013183594
Im_L_4.png;7;0;7;470.5180969238281;129.56631469726562
Im_L_4.png;8;0;8;511.5851135253906;129.27122497558594
Im_L_4.png;9;0;9;552.6466064453125;128.73089599609375
Im_L_4.png;10;0;10;593.608642578125;128.24713134765625
Im_L_4.png;11;1;0;183.89967346191406;174.45648193359375
Im_L_4.png;12;1;1;224.5748291015625;174.03488159179688
Im_L_4.png;13;1;2;265.5267639160156;173.5028839111328
Im_L_4.png;14;1;3;306.5188293457031;173.11349487304688
Im_L_4.png;15;1;4;347.57794189453125;172.69903564453125
Im_L_4.png;16;1;5;388.6457214355469;172.38026428222656
Im_L_4.png;17;1;6;429.8017883300781;171.8055419921875
Im_L_4.png;18;1;7;470.9703674316406;171.38197326660156
Im_L_4.png;19;1;8;512.069091796875;171.26744079589844
Im_L_4.png;20;1;9;552.9423828125;170.78880310058594
Im_L_4.png;21;1;10;593.8473510742188;170.1654815673828
Im_L_4.png;22;2;0;184.3505401611328;216.2921905517578
Im_L_4.png;23;2;1;225.31419372558594;215.77059936523438
Im_L_4.png;24;2;2;266.19000244140625;215.31756591796875
Im_L_4.png;25;2;3;307.23236083984375;214.90879821777344
Im_L_4.png;26;2;4;348.2805480957031;214.5065155029297
Im_L_4.png;27;2;5;389.31475830078125;214.353515625
Im_L_4.png;28;2;6;430.3341979980469;213.85302734375
Im_L_4.png;29;2;7;471.41571044921875;213.27171325683594
Im_L_4.png;30;2;8;512.4225463867188;212.75570678710938
Im_L_4.png;31;2;9;553.3768310546875;212.64279174804688
Im_L_4.png;32;2;10;594.2215576171875;212.2531280517578
Im_L_4.png;33;3;0;185.04486083984375;257.66021728515625
Im_L_4.png;34;3;1;225.7787322998047;257.4174499511719
Im_L_4.png;35;3;2;266.65179443359375;256.95587158203125
Im_L_4.png;36;3;3;307.6377868652344;256.56005859375
Im_L_4.png;37;3;4;348.6873779296875;255.9702911376953
Im_L_4.png;38;3;5;389.5888671875;255.70614624023438
Im_L_4.png;39;3;6;430.6999816894531;255.4051513671875
Im_L_4.png;40;3;7;471.68695068359375;254.7371368408203
Im_L_4.png;41;3;8;512.6382446289062;254.44021606445312
Im_L_4.png;42;3;9;553.5217895507812;254.34445190429688
Im_L_4.png;43;3;10;594.4378662109375;253.70367431640625
Im_L_4.png;44;4;0;185.7643585205078;299.28143310546875
Im_L_4.png;45;4;1;226.49526977539062;298.9104309082031
Im_L_4.png;46;4;2;267.3408203125;298.3748474121094
Im_L_4.png;47;4;3;308.3121032714844;297.93927001953125
Im_L_4.png;48;4;4;349.353759765625;297.5328369140625
Im_L_4.png;49;4;5;390.32305908203125;297.43585205078125
Im_L_4.png;50;4;6;431.3233947753906;297.0335693359375
Im_L_4.png;51;4;7;472.2437438964844;296.3166809082031
Im_L_4.png;52;4;8;513.1632080078125;295.82586669921875
Im_L_4.png;53;4;9;553.7265625;295.7096862792969
Im_L_4.png;54;4;10;594.5908203125;295.1712951660156
Im_L_4.png;55;5;0;186.4120330810547;340.6761779785156
Im_L_4.png;56;5;1;227.3030548095703;340.46063232421875
Im_L_4.png;57;5;2;268.0048522949219;340.0646057128906
Im_L_4.png;58;5;3;308.9123229980469;339.6055603027344
Im_L_4.png;59;5;4;349.8852233886719;339.11114501953125
Im_L_4.png;60;5;5;390.72503662109375;338.9154052734375
Im_L_4.png;61;5;6;431.65960693359375;338.4370422363281
Im_L_4.png;62;5;7;472.597412109375;337.6837463378906
Im_L_4.png;63;5;8;513.47802734375;337.4463195800781
Im_L_4.png;64;5;9;554.204345703125;337.3747863769531
Im_L_4.png;65;5;10;594.7530517578125;336.4657897949219
Im_L_4.png;66;6;0;187.09408569335938;382.25958251953125
Im_L_4.png;67;6;1;228.11695861816406;381.8730163574219
Im_L_4.png;68;6;2;268.53076171875;381.3395690917969
Im_L_4.png;69;6;3;309.6015930175781;380.866943359375
Im_L_4.png;70;6;4;350.50286865234375;380.4991760253906
Im_L_4.png;71;6;5;391.4593200683594;380.35345458984375
Im_L_4.png;72;6;6;432.2759094238281;379.6810607910156
Im_L_4.png;73;6;7;473.0621643066406;379.0084228515625
Im_L_4.png;74;6;8;513.7225341796875;378.8480529785156
Im_L_4.png;75;6;9;554.4613647460938;378.425537109375
Im_L_4.png;76;6;10;595.1218872070312;377.5503234863281
Im_L_5.png;0;0;0;196.7918701171875;94.90882873535156
Im_L_5.png;1;0;1;237.77101135253906;98.36660766601562
Im_L_5.png;2;0;2;278.6631164550781;101.80245208740234
Im_L_5.png;3;0;3;319.47149658203125;105.40567016601562
Im_L_5.png;4;0;4;360.33367919921875;108.81863403320312
Im_L_5.png;5;0;5;400.9410095214844;112.28902435302734
Im_L_5.png;6;0;6;441.53271484375;115.81392669677734
Im_L_5.png;7;0;7;481.92327880859375;119.20134735107422
Im_L_5.png;8;0;8;522.233642578125;122.7719955444336
Im_L_5.png;9;0;9;562.2149658203125;126.4315414428711
Im_L_5.png;10;0;10;602.0799560546875;129.59375
Im_L_5.png;11;1;0;192.67185974121094;135.70677185058594
Im_L_5.png;12;1;1;233.62974548339844;139.02366638183594
Im_L_5.png;13;1;2;274.66522216796875;142.51150512695312
Im_L_5.png;14;1;3;315.7136535644531;146.231689453125
Im_L_5.png;15;1;4;356.6282043457031;149.47508239746094
Im_L_5.png;16;1;5;397.449462890625;152.9730987548828
Im_L_5.png;17;1;6;438.1078186035156;156.5503387451172
Im_L_5.png;18;1;7;478.6420593261719;159.7877960205078
Im_L_5.png;19;1;8;519.0114135742188;163.30224609375
Im_L_5.png;20;1;9;559.1430053710938;166.62998962402344
Im_L_5.png;21;1;10;599.1022338867188;169.7634735107422
Im_L_5.png;22;2;0;188.3078155517578;176.82086181640625
Im_L_5.png;23;2;1;229.5652313232422;180.3147735595703
Im_L_5.png;24;2;2;270.7150573730469;183.53594970703125
Im_L_5.png;25;2;3;311.8705749511719;187.2093505859375
Im_L_5.png;26;2;4;353.05426025390625;190.49366760253906
Im_L_5.png;27;2;5;393.9430847167969;193.75619506835938
Im_L_5.png;28;2;6;434.6695251464844;197.33074951171875
Im_L_5.png;29;2;7;475.39276123046875;200.5631866455078
Im_L_5.png;30;2;8;515.73095703125;204.05661010742188
Im_L_5.png;31;2;9;555.9970703125;207.5393524169922
Im_L_5.png;32;2;10;596.1204223632812;210.70018005371094
Im_L_5.png;33;3;0;184.01242065429688;217.9962158203125
Im_L_5.png;34;3;1;225.4929656982422;221.46347045898438
Im_L_5.png;35;3;2;266.746337890625;224.69073486328125
Im_L_5.png;36;3;3;308.1583557128906;228.0997772216797
Im_L_5.png;37;3;4;349.36212158203125;231.54562377929688
Im_L_5.png;38;3;5;390.3763732910156;234.6830291748047
Im_L_5.png;39;3;6;431.30352783203125;238.30929565429688
Im_L_5.png;40;3;7;472.07354736328125;241.43946838378906
Im_L_5.png;41;3;8;512.5750732421875;244.65065002441406
Im_L_5.png;42;3;9;552.8090209960938;248.0667724609375
Im_L_5.png;43;3;10;592.97607421875;251.21353149414062
Im_L_5.png;44;4;0;179.90872192382812;259.6673278808594
Im_L_5.png;45;4;1;221.39865112304688;262.7593078613281
Im_L_5.png;46;4;2;262.87200927734375;266.14703369140625
Im_L_5.png;47;4;3;304.3051452636719;269.4556884765625
Im_L_5.png;48;4;4;345.65740966796875;272.7393493652344
Im_L_5.png;49;4;5;386.7838134765625;276.15362548828125
Im_L_5.png;50;4;6;427.8438415527344;279.3622741699219
Im_L_5.png;51;4;7;468.67059326171875;282.62933349609375
Im_L_5.png;52;4;8;509.3711853027344;285.7905578613281
Im_L_5.png;53;4;9;549.6663818359375;289.2593078613281
Im_L_5.png;54;4;10;589.891845703125;292.16156005859375
Im_L_5.png;55;5;0;175.58509826660156;301.34912109375
Im_L_5.png;56;5;1;217.40968322753906;304.6738586425781
Im_L_5.png;57;5;2;258.86737060546875;307.8846435546875
Im_L_5.png;58;5;3;300.51593017578125;311.14263916015625
Im_L_5.png;59;5;4;341.954833984375;314.3466491699219
Im_L_5.png;60;5;5;383.3249206542969;317.5655822753906
Im_L_5.png;61;5;6;424.4258728027344;320.79547119140625
Im_L_5.png;62;5;7;465.38519287109375;323.91705322265625
Im_L_5.png;63;5;8;506.1392517089844;327.03704833984375
Im_L_5.png;64;5;9;546.5322875976562;330.1578063964844
Im_L_5.png;65;5;10;586.84375;332.8554992675781
Im_L_5.png;66;6;0;171.37120056152344;343.3924255371094
Im_L_5.png;67;6;1;213.42556762695312;346.5664978027344
Im_L_5.png;68;6;2;254.89974975585938;349.7126159667969
Im_L_5.png;69;6;3;296.7087097167969;353.1097412109375
Im_L_5.png;70;6;4;338.3716735839844;356.1578369140625
Im_L_5.png;71;6;5;379.6905822753906;359.38177490234375
Im_L_5.png;72;6;6;420.9219055175781;362.38177490234375
Im_L_5.png;73;6;7;461.93719482421875;365.37908935546875
Im_L_5.png;74;6;8;502.7787780761719;368.4117126464844
Im_L_5.png;75;6;9;543.4065551757812;371.23028564453125
Im_L_5.png;76;6;10;583.782470703125;374.3111572265625
Im_L_6.png;0;0;0;189.05410766601562;113.08305358886719
Im_L_6.png;1;0;1;230.08578491210938;114.5296401977539
Im_L_6.png;2;0;2;270.92840576171875;115.92181396484375
Im_L_6.png;3;0;3;311.82452392578125;117.37836456298828
Im_L_6.png;4;0;4;352.6553649902344;118.67536926269531
Im_L_6.png;5;0;5;393.4774475097656;120.19461059570312
Im_L_6.png;6;0;6;434.2449951171875;121.67334747314453
Im_L_6.png;7;0;7;474.6717224121094;123.3399429321289
Im_L_6.png;8;0;8;515.147216796875;124.69157409667969
Im_L_6.png;9;0;9;555.3106079101562;126.44458770751953
Im_L_6.png;10;0;10;595.3820190429688;127.38390350341797
Im_L_6.png;11;1;0;187.1102752685547;154.1787567138672
Im_L_6.png;12;1;1;228.07354736328125;155.45687866210938
Im_L_6.png;13;1;2;269.1413269042969;156.7996368408203
Im_L_6.png;14;1;3;310.2509765625;158.43858337402344
Im_L_6.png;15;1;4;351.2162780761719;159.80838012695312
Im_L_6.png;16;1;5;392.1063232421875;161.2792205810547
Im_L_6.png;17;1;6;432.7402648925781;162.55198669433594
Im_L_6.png;18;1;7;473.4478759765625;163.78286743164062
Im_L_6.png;19;1;8;513.7728881835938;165.0437774658203
Im_L_6.png;20;1;9;554.2176513671875;166.54904174804688
Im_L_6.png;21;1;10;594.2625732421875;168.08282470703125
Im_L_6.png;22;2;0;184.8592987060547;195.50965881347656
Im_L_6.png;23;2;1;226.19598388671875;196.78213500976562
Im_L_6.png;24;2;2;267.3348388671875;198.29617309570312
Im_L_6.png;25;2;3;308.4598693847656;199.5611114501953
Im_L_6.png;26;2;4;349.5495910644531;200.85337829589844
Im_L_6.png;27;2;5;390.5074157714844;202.05868530273438
Im_L_6.png;28;2;6;431.4131774902344;203.44439697265625
Im_L_6.png;29;2;7;472.1800842285156;204.72799682617188
Im_L_6.png;30;2;8;512.55615234375;206.41900634765625
Im_L_6.png;31;2;9;552.9357299804688;207.7643585205078
Im_L_6.png;32;2;10;593.2241821289062;208.81544494628906
Im_L_6.png;33;3;0;182.77159118652344;236.7639617919922
Im_L_6.png;34;3;1;224.27381896972656;238.20802307128906
Im_L_6.png;35;3;2;265.4827575683594;239.3934326171875
Im_L_6.png;36;3;3;306.74017333984375;240.73858642578125
Im_L_6.png;37;3;4;348.0768737792969;241.74612426757812
Im_L_6.png;38;3;5;389.045166015625;243.1956787109375
Im_L_6.png;39;3;6;430.0185241699219;244.6139678955078
Im_L_6.png;40;3;7;470.7331237792969;245.98023986816406
Im_L_6.png;41;3;8;511.452880859375;247.0178985595703
Im_L_6.png;42;3;9;551.6719970703125;248.19686889648438
Im_L_6.png;43;3;10;591.97900390625;249.5101318359375
Im_L_6.png;44;4;0;180.94302368164062;278.4337463378906
Im_L_6.png;45;4;1;222.31668090820312;279.6384582519531
Im_L_6.png;46;4;2;263.6991271972656;280.8509826660156
Im_L_6.png;47;4;3;305.15167236328125;281.9496765136719
Im_L_6.png;48;4;4;346.42669677734375;283.2966003417969
Im_L_6.png;49;4;5;387.56805419921875;284.6107177734375
Im_L_6.png;50;4;6;428.57147216796875;285.9365234375
Im_L_6.png;51;4;7;469.5016784667969;286.8092346191406
Im_L_6.png;52;4;8;510.2286376953125;287.91302490234375
Im_L_6.png;53;4;9;550.5338745117188;289.4903869628906
Im_L_6.png;54;4;10;590.7938232421875;290.61114501953125
Im_L_6.png;55;5;0;178.8079376220703;320.2715759277344
Im_L_6.png;56;5;1;220.4964141845703;321.4640197753906
Im_L_6.png;57;5;2;261.9080810546875;322.6282043457031
Im_L_6.png;58;5;3;303.4512634277344;323.7659606933594
Im_L_6.png;59;5;4;344.8883361816406;324.7037353515625
Im_L_6.png;60;5;5;386.1595458984375;326.27703857421875
Im_L_6.png;61;5;6;427.2975158691406;327.4043273925781
Im_L_6.png;62;5;7;468.2347106933594;328.2724914550781
Im_L_6.png;63;5;8;508.87042236328125;329.45751953125
Im_L_6.png;64;5;9;549.4392700195312;330.81451416015625
Im_L_6.png;65;5;10;589.7313842773438;331.4920349121094
Im_L_6.png;66;6;0;176.86874389648438;362.2586669921875
Im_L_6.png;67;6;1;218.67396545410156;363.3717346191406
Im_L_6.png;68;6;2;260.1690368652344;364.50909423828125
Im_L_6.png;69;6;3;301.7739562988281;365.685302734375
Im_L_6.png;70;6;4;343.36529541015625;366.5704650878906
Im_L_6.png;71;6;5;384.6319274902344;367.707275390625
Im_L_6.png;72;6;6;425.72900390625;369.02178955078125
Im_L_6.png;73;6;7;466.7651672363281;369.6320495605469
Im_L_6.png;74;6;8;507.60125732421875;370.9552307128906
Im_L_6.png;75;6;9;548.281005859375;372.146240234375
Im_L_6.png;76;6;10;588.607421875;372.61199951171875
Im_L_7.png;0;0;0;183.57618713378906;164.89071655273438
Im_L_7.png;1;0;1;224.4005889892578;163.56890869140625
Im_L_7.png;2;0;2;265.04388427734375;162.2508087158203
Im_L_7.png;3;0;3;305.8083190917969;160.96725463867188
Im_L_7.png;4;0;4;346.7165222167969;159.73683166503906
Im_L_7.png;5;0;5;387.803955078125;158.3944091796875
Im_L_7.png;6;0;6;429.05645751953125;156.80490112304688
Im_L_7.png;7;0;7;470.1959533691406;155.42774963378906
Im_L_7.png;8;0;8;511.38031005859375;154.0795440673828
Im_L_7.png;9;0;9;552.5091552734375;153.19093322753906
Im_L_7.png;10;0;10;593.5897216796875;151.82313537597656
Im_L_7.png;11;1;0;185.42486572265625;206.5784149169922
Im_L_7.png;12;1;1;225.78688049316406;205.32705688476562
Im_L_7.png;13;1;2;266.5135803222656;204.0104522705078
Im_L_7.png;14;1;3;307.361083984375;202.87289428710938
Im_L_7.png;15;1;4;348.3282165527344;201.48085021972656
Im_L_7.png;16;1;5;389.306884765625;200.10450744628906
Im_L_7.png;17;1;6;430.37457275390625;198.70338439941406
Im_L_7.png;18;1;7;471.4434509277344;197.58226013183594
Im_L_7.png;19;1;8;512.5230102539062;196.45660400390625
Im_L_7.png;20;1;9;553.5919189453125;195.279052734375
Im_L_7.png;21;1;10;594.6182250976562;193.56552124023438
Im_L_7.png;22;2;0;186.78662109375;248.396484375
Im_L_7.png;23;2;1;227.481201171875;247.06871032714844
Im_L_7.png;24;2;2;268.1439514160156;245.84060668945312
Im_L_7.png;25;2;3;308.8496398925781;244.6027374267578
Im_L_7.png;26;2;4;349.6986999511719;243.28146362304688
Im_L_7.png;27;2;5;390.63006591796875;241.83853149414062
Im_L_7.png;28;2;6;431.5959777832031;240.86460876464844
Im_L_7.png;29;2;7;472.6806945800781;239.66180419921875
Im_L_7.png;30;2;8;513.6873168945312;238.40206909179688
Im_L_7.png;31;2;9;554.6341552734375;236.73764038085938
Im_L_7.png;32;2;10;595.6317749023438;235.485107421875
Im_L_7.png;33;3;0;188.51528930664062;289.5916748046875
Im_L_7.png;34;3;1;229.05609130859375;288.4554138183594
Im_L_7.png;35;3;2;269.5721740722656;287.1824645996094
Im_L_7.png;36;3;3;310.3836364746094;286.1888427734375
Im_L_7.png;37;3;4;351.29815673828125;284.6565856933594
Im_L_7.png;38;3;5;392.1266174316406;283.3638610839844
Im_L_7.png;39;3;6;433.0605773925781;282.3454895019531
Im_L_7.png;40;3;7;473.90631103515625;281.3515930175781
Im_L_7.png;41;3;8;514.8350219726562;279.7970886230469
Im_L_7.png;42;3;9;555.765869140625;278.4053039550781
Im_L_7.png;43;3;10;596.67578125;277.1092224121094
Im_L_7.png;44;4;0;190.31890869140625;330.9715881347656
Im_L_7.png;45;4;1;230.60964965820312;329.6555480957031
Im_L_7.png;46;4;2;271.2541809082031;328.5838317871094
Im_L_7.png;47;4;3;311.84661865234375;327.43792724609375
Im_L_7.png;48;4;4;352.62847900390625;326.2806091308594
Im_L_7.png;49;4;5;393.5155334472656;324.715576171875
Im_L_7.png;50;4;6;434.40423583984375;323.74102783203125
Im_L_7.png;51;4;7;475.32720947265625;322.6213684082031
Im_L_7.png;52;4;8;516.1770629882812;321.4676208496094
Im_L_7.png;53;4;9;556.8320922851562;319.76190185546875
Im_L_7.png;54;4;10;597.6849365234375;318.5018615722656
Im_L_7.png;55;5;0;191.91390991210938;372.3086242675781
Im_L_7.png;56;5;1;232.4257049560547;370.9393310546875
Im_L_7.png;57;5;2;272.7483215332031;369.781494140625
Im_L_7.png;58;5;3;313.4716796875;368.6433410644531
Im_L_7.png;59;5;4;354.2745361328125;367.5818176269531
Im_L_7.png;60;5;5;394.8971862792969;366.2961730957031
Im_L_7.png;61;5;6;435.6543884277344;364.8608093261719
Im_L_7.png;62;5;7;476.5077819824219;364.062255859375
Im_L_7.png;63;5;8;517.3767700195312;362.80609130859375
Im_L_7.png;64;5;9;557.9689331054688;361.43841552734375
Im_L_7.png;65;5;10;598.7297973632812;359.86016845703125
Im_L_7.png;66;6;0;193.5963592529297;413.33233642578125
Im_L_7.png;67;6;1;234.2470245361328;412.27679443359375
Im_L_7.png;68;6;2;274.3564453125;410.8252868652344
Im_L_7.png;69;6;3;315.1518859863281;409.7908630371094
Im_L_7.png;70;6;4;355.6611633300781;408.59051513671875
Im_L_7.png;71;6;5;396.44970703125;407.59710693359375
Im_L_7.png;72;6;6;437.1329345703125;406.24273681640625
Im_L_7.png;73;6;7;477.6363830566406;404.8924255371094
Im_L_7.png;74;6;8;518.5138549804688;404.05645751953125
Im_L_7.png;75;6;9;559.2318725585938;402.7725524902344
Im_L_7.png;76;6;10;599.7528686523438;401.3918151855469
Im_L_8.png;0;0;0;161.033447265625;153.2838134765625
Im_L_8.png;1;0;1;204.4398956298828;151.09344482421875
Im_L_8.png;2;0;2;247.31301879882812;148.87705993652344
Im_L_8.png;3;0;3;289.9319763183594;146.8874969482422
Im_L_8.png;4;0;4;332.29248046875;144.6756591796875
Im_L_8.png;5;0;5;374.3197021484375;142.51171875
Im_L_8.png;6;0;6;415.9603576660156;140.75399780273438
Im_L_8.png;7;0;7;457.2381286621094;138.51950073242188
Im_L_8.png;8;0;8;497.9644470214844;136.30848693847656
Im_L_8.png;9;0;9;538.3890380859375;134.50592041015625
Im_L_8.png;10;0;10;578.3497924804688;132.74778747558594
Im_L_8.png;11;1;0;163.14047241210938;195.87966918945312
Im_L_8.png;12;1;1;206.31900024414062;193.3805694580078
Im_L_8.png;13;1;2;249.44297790527344;190.98439025878906
Im_L_8.png;14;1;3;292.25811767578125;188.7638702392578
Im_L_8.png;15;1;4;334.6648254394531;186.49929809570312
Im_L_8.png;16;1;5;376.72869873046875;184.17153930664062
Im_L_8.png;17;1;6;418.53472900390625;182.2312469482422
Im_L_8.png;18;1;7;459.8262939453125;179.55284118652344
Im_L_8.png;19;1;8;500.7207946777344;177.56727600097656
Im_L_8.png;20;1;9;541.2465209960938;175.6713409423828
Im_L_8.png;21;1;10;581.225830078125;173.10296630859375
Im_L_8.png;22;2;0;164.86004638671875;238.6602325439453
Im_L_8.png;23;2;1;208.47442626953125;236.0091552734375
Im_L_8.png;24;2;2;251.58145141601562;233.5379638671875
Im_L_8.png;25;2;3;294.5440979003906;231.0429229736328
Im_L_8.png;26;2;4;337.176025390625;228.59730529785156
Im_L_8.png;27;2;5;379.3713073730469;226.03750610351562
Im_L_8.png;28;2;6;421.19598388671875;223.8633270263672
Im_L_8.png;29;2;7;462.554931640625;221.17062377929688
Im_L_8.png;30;2;8;503.50897216796875;219.17626953125
Im_L_8.png;31;2;9;544.0455322265625;216.41580200195312
Im_L_8.png;32;2;10;584.1808471679688;214.3810577392578
Im_L_8.png;33;3;0;166.85140991210938;281.513916015625
Im_L_8.png;34;3;1;210.46315002441406;278.6783447265625
Im_L_8.png;35;3;2;253.7522735595703;275.9945373535156
Im_L_8.png;36;3;3;296.8306884765625;273.4039611816406
Im_L_8.png;37;3;4;339.5571594238281;270.54949951171875
Im_L_8.png;38;3;5;381.7295227050781;267.92742919921875
Im_L_8.png;39;3;6;423.7257385253906;265.3969421386719
Im_L_8.png;40;3;7;465.2692565917969;262.46270751953125
Im_L_8.png;41;3;8;506.33331298828125;260.2543029785156
Im_L_8.png;42;3;9;546.7423095703125;257.5105285644531
Im_L_8.png;43;3;10;586.9373779296875;254.7692413330078
Im_L_8.png;44;4;0;169.07020568847656;324.6343994140625
Im_L_8.png;45;4;1;212.62112426757812;321.6540832519531
Im_L_8.png;46;4;2;256.0999450683594;318.67181396484375
Im_L_8.png;47;4;3;299.27227783203125;315.8335266113281
Im_L_8.png;48;4;4;342.0456237792969;313.17755126953125
Im_L_8.png;49;4;5;384.4435119628906;310.1475524902344
Im_L_8.png;50;4;6;426.4028625488281;307.21002197265625
Im_L_8.png;51;4;7;467.88946533203125;304.3132629394531
Im_L_8.png;52;4;8;509.0660400390625;301.66802978515625
Im_L_8.png;53;4;9;549.6085205078125;298.9267578125
Im_L_8.png;54;4;10;589.7489624023438;295.7848815917969
Im_L_8.png;55;5;0;171.08985900878906;368.1673889160156
Im_L_8.png;56;5;1;214.88209533691406;364.8130187988281
Im_L_8.png;57;5;2;258.390869140625;361.745361328125
Im_L_8.png;58;5;3;301.5792236328125;358.5782165527344
Im_L_8.png;59;5;4;344.51300048828125;355.50115966796875
Im_L_8.png;60;5;5;387.0200500488281;352.4461975097656
Im_L_8.png;61;5;6;429.0443420410156;349.4095153808594
Im_L_8.png;62;5;7;470.62445068359375;346.50250244140625
Im_L_8.png;63;5;8;511.7767028808594;343.4425048828125
Im_L_8.png;64;5;9;552.4860229492188;340.5472106933594
Im_L_8.png;65;5;10;592.7564086914062;337.3867492675781
Im_L_8.png;66;6;0;173.16705322265625;411.668701171875
Im_L_8.png;67;6;1;217.3118896484375;408.3423156738281
Im_L_8.png;68;6;2;260.6192932128906;404.79840087890625
Im_L_8.png;69;6;3;304.12408447265625;401.6299743652344
Im_L_8.png;70;6;4;347.0545959472656;398.2615051269531
Im_L_8.png;71;6;5;389.5370788574219;394.93310546875
Im_L_8.png;72;6;6;431.6354064941406;391.6810607910156
Im_L_8.png;73;6;7;473.381103515625;388.4214172363281
Im_L_8.png;74;6;8;514.606201171875;385.3907775878906
Im_L_8.png;75;6;9;555.3741455078125;381.9873352050781
Im_L_8.png;76;6;10;595.6841430664062;378.85943603515625
Im_L_9.png;0;0;0;134.34817504882812;168.70306396484375
Im_L_9.png;1;0;1;175.27989196777344;160.8606414794922
Im_L_9.png;2;0;2;216.11663818359375;153.2147674560547
Im_L_9.png;3;0;3;257.298583984375;145.43267822265625
Im_L_9.png;4;0;4;298.4584655761719;137.6509552001953
Im_L_9.png;5;0;5;339.8233337402344;129.8097686767578
Im_L_9.png;6;0;6;381.3360290527344;122.11579895019531
Im_L_9.png;7;0;7;422.7844543457031;114.31400299072266
Im_L_9.png;8;0;8;464.3353271484375;106.5475845336914
Im_L_9.png;9;0;9;505.8049011230469;98.95002746582031
Im_L_9.png;10;0;10;547.3284301757812;91.08961486816406
Im_L_9.png;11;1;0;143.65724182128906;210.7796630859375
Im_L_9.png;12;1;1;184.17079162597656;203.1743927001953
Im_L_9.png;13;1;2;225.05953979492188;195.41424560546875
Im_L_9.png;14;1;3;265.9469299316406;187.85562133789062
Im_L_9.png;15;1;4;307.2134094238281;180.1669464111328
Im_L_9.png;16;1;5;348.3470458984375;172.45797729492188
Im_L_9.png;17;1;6;389.6151123046875;164.7432403564453
Im_L_9.png;18;1;7;430.84478759765625;157.08444213867188
Im_L_9.png;19;1;8;472.2784729003906;149.3717041015625
Im_L_9.png;20;1;9;513.4747924804688;141.70718383789062
Im_L_9.png;21;1;10;554.6720581054688;133.9772186279297
Im_L_9.png;22;2;0;152.61045837402344;252.78001403808594
Im_L_9.png;23;2;1;193.3167266845703;245.15586853027344
Im_L_9.png;24;2;2;233.8199462890625;237.5173797607422
Im_L_9.png;25;2;3;274.7187805175781;229.89462280273438
Im_L_9.png;26;2;4;315.64691162109375;222.35092163085938
Im_L_9.png;27;2;5;356.6900939941406;214.6435546875
Im_L_9.png;28;2;6;397.7265319824219;207.15789794921875
Im_L_9.png;29;2;7;438.98504638671875;199.4409942626953
Im_L_9.png;30;2;8;479.9964599609375;191.78097534179688
Im_L_9.png;31;2;9;521.119384765625;184.26754760742188
Im_L_9.png;32;2;10;562.1021728515625;176.50213623046875
Im_L_9.png;33;3;0;161.6827850341797;293.9609069824219
Im_L_9.png;34;3;1;202.12954711914062;286.4784851074219
Im_L_9.png;35;3;2;242.63124084472656;278.88232421875
Im_L_9.png;36;3;3;283.40936279296875;271.4683837890625
Im_L_9.png;37;3;4;324.2504577636719;263.7379150390625
Im_L_9.png;38;3;5;364.8792419433594;256.2670593261719
Im_L_9.png;39;3;6;405.8622741699219;248.6898193359375
Im_L_9.png;40;3;7;446.75152587890625;241.2027587890625
Im_L_9.png;41;3;8;487.6711120605469;233.55667114257812
Im_L_9.png;42;3;9;528.4977416992188;226.01182556152344
Im_L_9.png;43;3;10;569.3475952148438;218.40196228027344
Im_L_9.png;44;4;0;170.8146514892578;334.9496765136719
Im_L_9.png;45;4;1;211.0277099609375;327.5381164550781
Im_L_9.png;46;4;2;251.44679260253906;320.0938415527344
Im_L_9.png;47;4;3;291.8957214355469;312.57086181640625
Im_L_9.png;48;4;4;332.61688232421875;305.0625305175781
Im_L_9.png;49;4;5;373.32806396484375;297.5540771484375
Im_L_9.png;50;4;6;414.0286865234375;290.0543518066406
Im_L_9.png;51;4;7;454.6525573730469;282.50567626953125
Im_L_9.png;52;4;8;495.3468322753906;274.9212646484375
Im_L_9.png;53;4;9;535.8661499023438;267.45428466796875
Im_L_9.png;54;4;10;576.4769287109375;259.7814025878906
Im_L_9.png;55;5;0;179.77444458007812;375.700927734375
Im_L_9.png;56;5;1;220.03927612304688;368.2467956542969
Im_L_9.png;57;5;2;260.1511535644531;360.8083190917969
Im_L_9.png;58;5;3;300.627197265625;353.38519287109375
Im_L_9.png;59;5;4;341.0049743652344;345.8705749511719
Im_L_9.png;60;5;5;381.51361083984375;338.47845458984375
Im_L_9.png;61;5;6;421.9715576171875;330.8686828613281
Im_L_9.png;62;5;7;462.4479675292969;323.5028381347656
Im_L_9.png;63;5;8;502.8375244140625;315.9632568359375
Im_L_9.png;64;5;9;543.2756958007812;308.5229797363281
Im_L_9.png;65;5;10;583.5985717773438;300.9093933105469
Im_L_9.png;66;6;0;188.70716857910156;416.1275329589844
Im_L_9.png;67;6;1;228.8482208251953;408.54644775390625
Im_L_9.png;68;6;2;268.7195739746094;401.1574401855469
Im_L_9.png;69;6;3;308.9395751953125;393.824462890625
Im_L_9.png;70;6;4;349.425048828125;386.3597717285156
Im_L_9.png;71;6;5;389.5993957519531;378.8994140625
Im_L_9.png;72;6;6;429.8853759765625;371.510009765625
Im_L_9.png;73;6;7;470.089111328125;364.080322265625
Im_L_9.png;74;6;8;510.3845520019531;356.5472106933594
Im_L_9.png;75;6;9;550.4892578125;349.1135559082031
Im_L_9.png;76;6;10;590.6553344726562;341.5557556152344
