camera;imagem;ponto;X_mm;Y_mm;Z_mm;u_px;v_px;erro_reprojecao_px
rightcamera;Im_R_1.png;origem;0;0;0;372.64764;104.19807;0.1891791
rightcamera;Im_R_1.png;canto_dir;250.0;0;0;774.66205;112.15648;0.1891791
rightcamera;Im_R_1.png;canto_baixo;0;150.0;0;369.19315;351.56903;0.1891791
rightcamera;Im_R_1.png;canto_dir_baixo;250.0;150.0;0;772.2142;355.90863;0.1891791
rightcamera;Im_R_1.png;ponto_alto;125.0;75.0;-50;583.6185;222.39595;0.1891791
rightcamera;Im_R_10.png;origem;0;0;0;388.06506;83.34083;0.21096458
rightcamera;Im_R_10.png;canto_dir;250.0;0;0;794.1474;61.52258;0.21096458
rightcamera;Im_R_10.png;canto_baixo;0;150.0;0;398.35007;332.95578;0.21096458
rightcamera;Im_R_10.png;canto_dir_baixo;250.0;150.0;0;826.52954;305.11243;0.21096458
rightcamera;Im_R_10.png;ponto_alto;125.0;75.0;-50;617.1074;164.2506;0.21096458
rightcamera;Im_R_11.png;origem;0;0;0;380.3323;63.809624;0.21394187
rightcamera;Im_R_11.png;canto_dir;250.0;0;0;805.0346;83.24463;0.21394187
rightcamera;Im_R_11.png;canto_baixo;0;150.0;0;375.73148;321.9961;0.21394187
rightcamera;Im_R_11.png;canto_dir_baixo;250.0;150.0;0;783.69934;337.11823;0.21394187
rightcamera;Im_R_11.png;ponto_alto;125.0;75.0;-50;598.83545;204.15782;0.21394187
rightcamera;Im_R_12.png;origem;0;0;0;349.56372;147.71304;0.17356801
rightcamera;Im_R_12.png;canto_dir;250.0;0;0;766.5166;141.11374;0.17356801
rightcamera;Im_R_12.png;canto_baixo;0;150.0;0;359.44638;409.58548;0.17356801
rightcamera;Im_R_12.png;canto_dir_baixo;250.0;150.0;0;771.2318;389.6581;0.17356801
rightcamera;Im_R_12.png;ponto_alto;125.0;75.0;-50;582.94006;272.73248;0.17356801
rightcamera;Im_R_13.png;origem;0;0;0;420.8618;144.8672;0.15665351
rightcamera;Im_R_13.png;canto_dir;250.0;0;0;826.0771;188.46861;0.15665351
rightcamera;Im_R_13.png;canto_baixo;0;150.0;0;399.04453;406.51807;0.15665351
rightcamera;Im_R_13.png;canto_dir_baixo;250.0;150.0;0;806.79095;433.48132;0.15665351
rightcamera;Im_R_13.png;ponto_alto;125.0;75.0;-50;644.4867;293.80844;0.15665351
rightcamera;Im_R_14.png;origem;0;0;0;386.77557;137.22379;0.18982644
rightcamera;Im_R_14.png;canto_dir;250.0;0;0;799.97974;162.49269;0.18982644
rightcamera;Im_R_14.png;canto_baixo;0;150.0;0;381.46368;416.42166;0.18982644
rightcamera;Im_R_14.png;canto_dir_baixo;250.0;150.0;0;796.5972;410.66956;0.18982644
rightcamera;Im_R_14.png;ponto_alto;125.0;75.0;-50;634.62585;279.5647;0.18982644
rightcamera;Im_R_15.png;origem;0;0;0;427.21686;177.61983;0.20655504
rightcamera;Im_R_15.png;canto_dir;250.0;0;0;877.1332;160.4164;0.20655504
rightcamera;Im_R_15.png;canto_baixo;0;150.0;0;441.60208;434.5245;0.20655504
rightcamera;Im_R_15.png;canto_dir_baixo;250.0;150.0;0;865.23016;423.51358;0.20655504
rightcamera;Im_R_15.png;ponto_alto;125.0;75.0;-50;666.02545;321.1503;0.20655504
rightcamera;Im_R_16.png;origem;0;0;0;462.33746;147.96323;0.1870789
rightcamera;Im_R_16.png;canto_dir;250.0;0;0;865.6581;173.81448;0.1870789
rightcamera;Im_R_16.png;canto_baixo;0;150.0;0;455.8044;424.93765;0.1870789
rightcamera;Im_R_16.png;canto_dir_baixo;250.0;150.0;0;861.37537;420.8179;0.1870789
rightcamera;Im_R_16.png;ponto_alto;125.0;75.0;-50;712.6212;290.96692;0.1870789
rightcamera;Im_R_17.png;origem;0;0;0;368.68106;105.14829;0.1718229
rightcamera;Im_R_17.png;canto_dir;250.0;0;0;781.9557;103.31137;0.1718229
rightcamera;Im_R_17.png;canto_baixo;0;150.0;0;373.84436;358.2125;0.1718229
rightcamera;Im_R_17.png;canto_dir_baixo;250.0;150.0;0;779.73724;352.14392;0.1718229
rightcamera;Im_R_17.png;ponto_alto;125.0;75.0;-50;588.8522;227.80768;0.1718229
rightcamera;Im_R_18.png;origem;0;0;0;374.4688;135.7832;0.12928945
rightcamera;Im_R_18.png;canto_dir;250.0;0;0;826.7411;94.18845;0.12928945
rightcamera;Im_R_18.png;canto_baixo;0;150.0;0;408.7034;395.19907;0.12928945
rightcamera;Im_R_18.png;canto_dir_baixo;250.0;150.0;0;820.57513;353.2223;0.12928945
rightcamera;Im_R_18.png;ponto_alto;125.0;75.0;-50;627.3121;270.382;0.12928945
rightcamera;Im_R_19.png;origem;0;0;0;399.15097;129.6517;0.13130188
rightcamera;Im_R_19.png;canto_dir;250.0;0;0;840.66174;95.495605;0.13130188
rightcamera;Im_R_19.png;canto_baixo;0;150.0;0;426.25867;388.7589;0.13130188
rightcamera;Im_R_19.png;canto_dir_baixo;250.0;150.0;0;835.9773;352.7177;0.13130188
rightcamera;Im_R_19.png;ponto_alto;125.0;75.0;-50;646.84125;260.6031;0.13130188
rightcamera;Im_R_2.png;origem;0;0;0;387.62152;174.19049;0.14559634
rightcamera;Im_R_2.png;canto_dir;250.0;0;0;778.65045;84.89123;0.14559634
rightcamera;Im_R_2.png;canto_baixo;0;150.0;0;442.48495;415.33032;0.14559634
rightcamera;Im_R_2.png;canto_dir_baixo;250.0;150.0;0;833.0977;321.70096;0.14559634
rightcamera;Im_R_2.png;ponto_alto;125.0;75.0;-50;627.20056;241.89757;0.14559634
rightcamera;Im_R_20.png;origem;0;0;0;393.09982;72.343666;0.18649362
rightcamera;Im_R_20.png;canto_dir;250.0;0;0;819.91315;73.36576;0.18649362
rightcamera;Im_R_20.png;canto_baixo;0;150.0;0;403.85544;347.57074;0.18649362
rightcamera;Im_R_20.png;canto_dir_baixo;250.0;150.0;0;817.4704;327.81885;0.18649362
rightcamera;Im_R_20.png;ponto_alto;125.0;75.0;-50;643.92944;203.89223;0.18649362
rightcamera;Im_R_3.png;origem;0;0;0;384.97397;136.08281;0.18203017
rightcamera;Im_R_3.png;canto_dir;250.0;0;0;793.1056;115.61261;0.18203017
rightcamera;Im_R_3.png;canto_baixo;0;150.0;0;399.5343;388.56464;0.18203017
rightcamera;Im_R_3.png;canto_dir_baixo;250.0;150.0;0;806.9768;362.4385;0.18203017
rightcamera;Im_R_3.png;ponto_alto;125.0;75.0;-50;613.02075;245.17018;0.18203017
rightcamera;Im_R_4.png;origem;0;0;0;404.34427;113.6453;0.16886032
rightcamera;Im_R_4.png;canto_dir;250.0;0;0;816.5923;109.92503;0.16886032
rightcamera;Im_R_4.png;canto_baixo;0;150.0;0;410.25385;367.2538;0.16886032
rightcamera;Im_R_4.png;canto_dir_baixo;250.0;150.0;0;815.38855;358.18274;0.16886032
rightcamera;Im_R_4.png;ponto_alto;125.0;75.0;-50;630.25543;236.05605;0.16886032
rightcamera;Im_R_5.png;origem;0;0;0;416.29843;74.81988;0.16968597
rightcamera;Im_R_5.png;canto_dir;250.0;0;0;818.90704;111.34562;0.16968597
rightcamera;Im_R_5.png;canto_baixo;0;150.0;0;398.5831;328.31354;0.16968597
rightcamera;Im_R_5.png;canto_dir_baixo;250.0;150.0;0;804.19574;355.08746;0.16968597
rightcamera;Im_R_5.png;ponto_alto;125.0;75.0;-50;632.77747;206.61256;0.16968597
rightcamera;Im_R_6.png;origem;0;0;0;408.31107;93.52618;0.18320963
rightcamera;Im_R_6.png;canto_dir;250.0;0;0;812.55865;109.05328;0.18320963
rightcamera;Im_R_6.png;canto_baixo;0;150.0;0;403.06485;347.26038;0.18320963
rightcamera;Im_R_6.png;canto_dir_baixo;250.0;150.0;0;808.46716;353.46738;0.18320963
rightcamera;Im_R_6.png;ponto_alto;125.0;75.0;-50;630.44836;216.72214;0.18320963
rightcamera;Im_R_7.png;origem;0;0;0;404.8381;146.80301;0.19208008
rightcamera;Im_R_7.png;canto_dir;250.0;0;0;817.5947;133.21028;0.19208008
rightcamera;Im_R_7.png;canto_baixo;0;150.0;0;415.88422;398.34448;0.19208008
rightcamera;Im_R_7.png;canto_dir_baixo;250.0;150.0;0;820.24066;381.3342;0.19208008
rightcamera;Im_R_7.png;ponto_alto;125.0;75.0;-50;631.89136;268.17908;0.19208008
rightcamera;Im_R_8.png;origem;0;0;0;389.70062;134.7393;0.16734219
rightcamera;Im_R_8.png;canto_dir;250.0;0;0;796.9178;114.17901;0.16734219
rightcamera;Im_R_8.png;canto_baixo;0;150.0;0;409.35382;396.9483;0.16734219
rightcamera;Im_R_8.png;canto_dir_baixo;250.0;150.0;0;816.6301;358.97076;0.16734219
rightcamera;Im_R_8.png;ponto_alto;125.0;75.0;-50;633.6111;243.12749;0.16734219
rightcamera;Im_R_9.png;origem;0;0;0;360.63977;150.59058;0.14438558
rightcamera;Im_R_9.png;canto_dir;250.0;0;0;778.28656;72.24176;0.14438558
rightcamera;Im_R_9.png;canto_baixo;0;150.0;0;412.17508;401.3573;0.14438558
rightcamera;Im_R_9.png;canto_dir_baixo;250.0;150.0;0;812.48755;322.28827;0.14438558
rightcamera;Im_R_9.png;ponto_alto;125.0;75.0;-50;607.76483;242.48047;0.14438558
