camera;imagem;ponto;X_mm;Y_mm;Z_mm;u_px;v_px;erro_reprojecao_px
leftcamera;Im_L_1.png;origem;0;0;0;161.1444;123.53267;0.15771602
leftcamera;Im_L_1.png;canto_dir;250.0;0;0;557.8913;130.79199;0.15771602
leftcamera;Im_L_1.png;canto_baixo;0;150.0;0;150.91129;366.03583;0.15771602
leftcamera;Im_L_1.png;canto_dir_baixo;250.0;150.0;0;553.1378;375.0513;0.15771602
leftcamera;Im_L_1.png;ponto_alto;125.0;75.0;-50;333.01465;239.6887;0.15771602
leftcamera;Im_L_10.png;origem;0;0;0;171.878;103.20317;0.18194757
leftcamera;Im_L_10.png;canto_dir;250.0;0;0;574.6693;80.42704;0.18194757
leftcamera;Im_L_10.png;canto_baixo;0;150.0;0;161.90994;348.3475;0.18194757
leftcamera;Im_L_10.png;canto_dir_baixo;250.0;150.0;0;591.8056;324.5461;0.18194757
leftcamera;Im_L_10.png;ponto_alto;125.0;75.0;-50;354.5685;182.8628;0.18194757
leftcamera;Im_L_11.png;origem;0;0;0;155.83206;84.935745;0.15508865
leftcamera;Im_L_11.png;canto_dir;250.0;0;0;573.8972;102.34498;0.15508865
leftcamera;Im_L_11.png;canto_baixo;0;150.0;0;154.60883;336.97717;0.15508865
leftcamera;Im_L_11.png;canto_dir_baixo;250.0;150.0;0;561.3705;356.48413;0.15508865
leftcamera;Im_L_11.png;ponto_alto;125.0;75.0;-50;337.28555;221.52618;0.15508865
leftcamera;Im_L_12.png;origem;0;0;0;122.507454;166.17102;0.14615752
leftcamera;Im_L_12.png;canto_dir;250.0;0;0;543.1039;159.83904;0.14615752
leftcamera;Im_L_12.png;canto_baixo;0;150.0;0;128.45485;423.1218;0.14615752
leftcamera;Im_L_12.png;canto_dir_baixo;250.0;150.0;0;548.71027;409.44327;0.14615752
leftcamera;Im_L_12.png;ponto_alto;125.0;75.0;-50;319.35306;290.221;0.14615752
leftcamera;Im_L_13.png;origem;0;0;0;191.36757;163.14885;0.18749313
leftcamera;Im_L_13.png;canto_dir;250.0;0;0;606.8152;207.17372;0.18749313
leftcamera;Im_L_13.png;canto_baixo;0;150.0;0;163.22633;421.06522;0.18749313
leftcamera;Im_L_13.png;canto_dir_baixo;250.0;150.0;0;585.4148;454.58783;0.18749313
leftcamera;Im_L_13.png;ponto_alto;125.0;75.0;-50;381.6546;311.26855;0.18749313
leftcamera;Im_L_14.png;origem;0;0;0;142.32942;156.31332;0.15010688
leftcamera;Im_L_14.png;canto_dir;250.0;0;0;578.4373;181.12303;0.15010688
leftcamera;Im_L_14.png;canto_baixo;0;150.0;0;129.81471;430.62878;0.15010688
leftcamera;Im_L_14.png;canto_dir_baixo;250.0;150.0;0;572.4359;431.1996;0.15010688
leftcamera;Im_L_14.png;ponto_alto;125.0;75.0;-50;360.3533;297.93164;0.15010688
leftcamera;Im_L_15.png;origem;0;0;0;189.23653;195.38393;0.20059976
leftcamera;Im_L_15.png;canto_dir;250.0;0;0;627.5348;179.59918;0.20059976
leftcamera;Im_L_15.png;canto_baixo;0;150.0;0;213.54921;449.67642;0.20059976
leftcamera;Im_L_15.png;canto_dir_baixo;250.0;150.0;0;631.4477;445.70065;0.20059976
leftcamera;Im_L_15.png;ponto_alto;125.0;75.0;-50;389.05634;339.535;0.20059976
leftcamera;Im_L_16.png;origem;0;0;0;216.63542;166.60306;0.16418815
leftcamera;Im_L_16.png;canto_dir;250.0;0;0;645.91486;192.49544;0.16418815
leftcamera;Im_L_16.png;canto_baixo;0;150.0;0;203.53185;440.49222;0.16418815
leftcamera;Im_L_16.png;canto_dir_baixo;250.0;150.0;0;639.50146;442.70184;0.16418815
leftcamera;Im_L_16.png;ponto_alto;125.0;75.0;-50;439.6626;310.10248;0.16418815
leftcamera;Im_L_17.png;origem;0;0;0;150.39339;124.790794;0.159818
leftcamera;Im_L_17.png;canto_dir;250.0;0;0;558.36096;122.22519;0.159818
leftcamera;Im_L_17.png;canto_baixo;0;150.0;0;153.19263;372.69492;0.159818
leftcamera;Im_L_17.png;canto_dir_baixo;250.0;150.0;0;558.985;371.53546;0.159818
leftcamera;Im_L_17.png;ponto_alto;125.0;75.0;-50;332.21155;245.16028;0.159818
leftcamera;Im_L_18.png;origem;0;0;0;129.45279;154.96364;0.12715721
leftcamera;Im_L_18.png;canto_dir;250.0;0;0;577.3039;113.467415;0.12715721
leftcamera;Im_L_18.png;canto_baixo;0;150.0;0;181.42575;409.90152;0.12715721
leftcamera;Im_L_18.png;canto_dir_baixo;250.0;150.0;0;594.7623;373.06808;0.12715721
leftcamera;Im_L_18.png;ponto_alto;125.0;75.0;-50;351.7217;288.5231;0.12715721
leftcamera;Im_L_19.png;origem;0;0;0;159.59848;148.71744;0.13535477
leftcamera;Im_L_19.png;canto_dir;250.0;0;0;598.26404;114.52869;0.13535477
leftcamera;Im_L_19.png;canto_baixo;0;150.0;0;199.84863;403.7571;0.13535477
leftcamera;Im_L_19.png;canto_dir_baixo;250.0;150.0;0;612.036;372.8037;0.13535477
leftcamera;Im_L_19.png;ponto_alto;125.0;75.0;-50;375.653;278.74606;0.13535477
leftcamera;Im_L_2.png;origem;0;0;0;173.23177;191.45471;0.12594476
leftcamera;Im_L_2.png;canto_dir;250.0;0;0;562.63245;103.40001;0.12594476
leftcamera;Im_L_2.png;canto_baixo;0;150.0;0;221.61615;430.20914;0.12594476
leftcamera;Im_L_2.png;canto_dir_baixo;250.0;150.0;0;615.49207;341.24374;0.12594476
leftcamera;Im_L_2.png;ponto_alto;125.0;75.0;-50;376.03085;260.60168;0.12594476
leftcamera;Im_L_20.png;origem;0;0;0;151.00937;93.64061;0.17133717
leftcamera;Im_L_20.png;canto_dir;250.0;0;0;590.00183;92.41855;0.17133717
leftcamera;Im_L_20.png;canto_baixo;0;150.0;0;163.12791;362.77286;0.17133717
leftcamera;Im_L_20.png;canto_dir_baixo;250.0;150.0;0;593.89343;347.4282;0.17133717
leftcamera;Im_L_20.png;ponto_alto;125.0;75.0;-50;370.49344;222.207;0.17133717
leftcamera;Im_L_3.png;origem;0;0;0;166.38823;154.57458;0.15228458
leftcamera;Im_L_3.png;canto_dir;250.0;0;0;572.403;134.34686;0.15228458
leftcamera;Im_L_3.png;canto_baixo;0;150.0;0;174.46474;403.22025;0.15228458
leftcamera;Im_L_3.png;canto_dir_baixo;250.0;150.0;0;585.1198;382.22656;0.15228458
leftcamera;Im_L_3.png;ponto_alto;125.0;75.0;-50;355.94315;262.6185;0.15228458
leftcamera;Im_L_4.png;origem;0;0;0;183.186;132.73561;0.16948366
leftcamera;Im_L_4.png;canto_dir;250.0;0;0;593.5503;128.62326;0.16948366
leftcamera;Im_L_4.png;canto_baixo;0;150.0;0;187.30655;382.16556;0.16948366
leftcamera;Im_L_4.png;canto_dir_baixo;250.0;150.0;0;595.42334;378.03308;0.16948366
leftcamera;Im_L_4.png;ponto_alto;125.0;75.0;-50;372.81073;253.62689;0.16948366
leftcamera;Im_L_5.png;origem;0;0;0;196.78162;94.96126;0.17593366
leftcamera;Im_L_5.png;canto_dir;250.0;0;0;601.8064;129.98155;0.17593366
leftcamera;Im_L_5.png;canto_baixo;0;150.0;0;171.66109;343.4172;0.17593366
leftcamera;Im_L_5.png;canto_dir_baixo;250.0;150.0;0;584.3111;374.77792;0.17593366
leftcamera;Im_L_5.png;ponto_alto;125.0;75.0;-50;376.7067;223.9314;0.17593366
leftcamera;Im_L_6.png;origem;0;0;0;189.046;113.19588;0.17642531
leftcamera;Im_L_6.png;canto_dir;250.0;0;0;595.0953;127.760605;0.17642531
leftcamera;Im_L_6.png;canto_baixo;0;150.0;0;177.07846;362.26416;0.17642531
leftcamera;Im_L_6.png;canto_dir_baixo;250.0;150.0;0;589.0782;373.1715;0.17642531
leftcamera;Im_L_6.png;ponto_alto;125.0;75.0;-50;374.73285;234.2608;0.17642531
leftcamera;Im_L_7.png;origem;0;0;0;183.59357;165.01811;0.17681023
leftcamera;Im_L_7.png;canto_dir;250.0;0;0;593.4532;151.91357;0.17681023
leftcamera;Im_L_7.png;canto_baixo;0;150.0;0;193.808;413.28156;0.17681023
leftcamera;Im_L_7.png;canto_dir_baixo;250.0;150.0;0;600.0965;401.55182;0.17681023
leftcamera;Im_L_7.png;ponto_alto;125.0;75.0;-50;374.65128;285.82874;0.17681023
leftcamera;Im_L_8.png;origem;0;0;0;161.08733;153.38518;0.14688417
leftcamera;Im_L_8.png;canto_dir;250.0;0;0;578.4554;132.76086;0.14688417
leftcamera;Im_L_8.png;canto_baixo;0;150.0;0;173.36258;411.68295;0.14688417
leftcamera;Im_L_8.png;canto_dir_baixo;250.0;150.0;0;595.7871;378.89523;0.14688417
leftcamera;Im_L_8.png;ponto_alto;125.0;75.0;-50;371.04297;261.61948;0.14688417
leftcamera;Im_L_9.png;origem;0;0;0;134.37561;168.97766;0.13790509
leftcamera;Im_L_9.png;canto_dir;250.0;0;0;547.50696;91.24749;0.13790509
leftcamera;Im_L_9.png;canto_baixo;0;150.0;0;188.96826;415.85794;0.13790509
leftcamera;Im_L_9.png;canto_dir_baixo;250.0;150.0;0;590.79144;341.65976;0.13790509
leftcamera;Im_L_9.png;ponto_alto;125.0;75.0;-50;345.35257;260.7635;0.13790509
